time1,time,times,year_intervals,site,sites,groups,alphaD,betaD,gammaD,alphaD2,betaD2,gammaD2,spe_sta,spe_asy,alpha_sta,spa_asy,gamma_sta
1,2011-2013,Ante-heat,3-year,ABUR,1,SESSILE INVERT,0.255933374,1.864330162,2.120263536,0.581384346,0.746236086,1.327620432,0.355677299,0.957855743,1.313533042,0.323326408,1.63685945
1,2011-2013,Ante-heat,3-year,AHND,2,SESSILE INVERT,-0.042559614,1.939679599,1.897119985,0.311981042,0.502470403,0.814451445,-8.15E-02,0.214685447,0.133209829,1.31525E-07,0.133209961
1,2011-2013,Ante-heat,3-year,AQUE,3,SESSILE INVERT,2.014903021,1.293203938,3.308106959,0.375373399,-0.138921892,0.236451507,0.555867534,0.121157972,0.677025507,0.152568917,0.829594424
1,2011-2013,Ante-heat,3-year,BULL,4,SESSILE INVERT,0.99633344,1.431414796,2.427748236,0.186163505,-0.008175067,0.177988438,0.490687449,0.012531587,0.503219035,0.021661971,0.524881007
1,2011-2013,Ante-heat,3-year,CARP,5,SESSILE INVERT,2.036881927,1.084013489,3.120895417,0.311933001,0.329045558,0.640978558,1.133036182,0.092794099,1.225830281,1.187768086,2.413598367
1,2011-2013,Ante-heat,3-year,GOLB,6,SESSILE INVERT,0.606135804,1.760987811,2.367123614,0.398940065,0.108647484,0.507587548,0.340518579,0.124393031,0.46491161,0.048431787,0.513343397
1,2011-2013,Ante-heat,3-year,IVEE,7,SESSILE INVERT,1.825892476,1.007320868,2.833213344,0.206737733,0.096890063,0.303627797,0.951121992,0.097517009,1.048639001,0.154673461,1.203312463
1,2011-2013,Ante-heat,3-year,MOHK,8,SESSILE INVERT,1.446918983,1.74492817,3.191847152,0.889535557,-0.15848003,0.731055527,0.179680552,0.268468786,0.448149337,0.022372611,0.470521948
1,2011-2013,Ante-heat,3-year,NAPL,9,SESSILE INVERT,2.621038824,0.823643669,3.444682494,0.716052697,-0.070112498,0.645940199,0.531854791,0.316433808,0.8482886,0.708114115,1.556402715
1,2011-2013,Ante-heat,3-year,SCDI,10,SESSILE INVERT,1.332805676,1.679455899,3.012261576,1.237629475,0.281719912,1.519349386,0.301174722,0.97274226,1.273916981,0.025141992,1.299058973
1,2011-2013,Ante-heat,3-year,SCTW,11,SESSILE INVERT,1.332805676,1.711716762,3.044522438,1.147354814,0.117390545,1.264745358,0.35513319,0.302882891,0.658016081,0.0020422,0.660058282
2,2014-2016,Post-heat,3-year,ABUR,1,SESSILE INVERT,-0.182321557,1.916922612,1.734601055,0.418479476,0.58788741,1.006366886,0.04014339,0.886501366,0.926644755,0.563127521,1.489772276
2,2014-2016,Post-heat,3-year,AHND,2,SESSILE INVERT,-0.470003629,1.85629799,1.386294361,0.209026677,0.328483313,0.537509989,0.117944884,0.134530477,0.252475361,0.063669981,0.316145342
2,2014-2016,Post-heat,3-year,AQUE,3,SESSILE INVERT,1.963609726,1.127432727,3.091042453,0.374339819,-0.153957292,0.220382527,-0.102139537,0.052134442,-0.050005095,0.317921856,0.267916762
2,2014-2016,Post-heat,3-year,BULL,4,SESSILE INVERT,0.693147181,1.504077397,2.197224577,0.273544874,0.07502666,0.348571534,0.655802733,0.171534839,0.827337572,0.113390905,0.940728477
2,2014-2016,Post-heat,3-year,CARP,5,SESSILE INVERT,2.053054787,1.165821038,3.218875825,0.358349734,0.220344876,0.57869461,0.596576146,0.320938564,0.91751471,0.623461493,1.540976203
2,2014-2016,Post-heat,3-year,GOLB,6,SESSILE INVERT,0.255933374,1.823508168,2.079441542,0.426375333,0.283989801,0.710365134,-0.180574924,0.385565717,0.204990794,0.116139839,0.321130633
2,2014-2016,Post-heat,3-year,IVEE,7,SESSILE INVERT,1.549333988,0.935572661,2.48490665,0.097387734,-0.027038741,0.070348993,0.299385941,0.045201177,0.344587117,0.600561852,0.94514897
2,2014-2016,Post-heat,3-year,MOHK,8,SESSILE INVERT,1.216395324,1.636236106,2.85263143,1.042904073,0.344712395,1.387616467,0.521176292,1.022925864,1.544102156,0.196362153,1.740464309
2,2014-2016,Post-heat,3-year,NAPL,9,SESSILE INVERT,2.735449175,0.761058386,3.496507561,0.821829047,0.092639506,0.914468553,0.324922686,0.423240581,0.748163267,0.733142113,1.48130538
2,2014-2016,Post-heat,3-year,SCDI,10,SESSILE INVERT,1.47590652,1.630173811,3.106080331,1.226310727,0.033986547,1.260297273,0.210153855,0.820748333,1.030902188,0.259331953,1.290234141
2,2014-2016,Post-heat,3-year,SCTW,11,SESSILE INVERT,1.310582539,1.765192442,3.075774981,0.900900017,0.062382578,0.963282595,0.271612358,0.384666026,0.656278383,0.03116564,0.687444024
1,2011-2013,Ante-heat,3-year,ABUR,1,FISH,0.255933374,1.903550875,2.159484249,0.912382854,0.336143098,1.248525951,-0.458545962,0.481916732,0.02337077,0.267799124,0.291169894
1,2011-2013,Ante-heat,3-year,AHND,2,FISH,0.583146285,1.929159339,2.512305624,1.145645364,0.465155092,1.610800457,-0.214585572,0.225666118,0.011080546,0.000758871,0.011839417
1,2011-2013,Ante-heat,3-year,AQUE,3,FISH,1.812378756,1.247892038,3.060270795,0.909433695,0.394758631,1.304192326,-0.279220106,0.341915268,0.062695162,0.563069109,0.625764271
1,2011-2013,Ante-heat,3-year,BULL,4,FISH,-0.344840486,2.01881692,1.673976434,0.35462694,0.246599401,0.601226341,-0.549306144,0.424397219,-0.124908925,0.094105252,-0.030803673
1,2011-2013,Ante-heat,3-year,CARP,5,FISH,1.549333988,1.243874021,2.793208009,0.550444673,0.937820352,1.488265025,-0.038476482,0.491646137,0.453169655,0.5265058,0.979675455
1,2011-2013,Ante-heat,3-year,GOLB,6,FISH,0,1.734601055,1.734601055,0.597318453,0.081434001,0.678752454,-0.517814761,0.168533812,-0.349280949,0.004082032,-0.345198918
1,2011-2013,Ante-heat,3-year,IVEE,7,FISH,1.584120104,1.324600792,2.908720897,0.604601736,-0.092439149,0.512162587,-0.383429829,0.206005471,-0.177424358,0.293274956,0.115850598
1,2011-2013,Ante-heat,3-year,MOHK,8,FISH,0.916290732,1.769286613,2.685577345,1.170049206,0.335380968,1.505430174,0.040961069,0.555609773,0.596570842,0.048893813,0.645464655
1,2011-2013,Ante-heat,3-year,NAPL,9,FISH,2.319114395,0.88633841,3.205452805,1.167404851,0.773816042,1.941220893,-0.140211437,1.090697371,0.950485935,0.263968543,1.214454478
1,2011-2013,Ante-heat,3-year,SCDI,10,FISH,1.228665417,1.68005548,2.908720897,1.348125382,0.106767092,1.454892474,-0.250203984,0.601213202,0.351009218,0.117201044,0.468210262
1,2011-2013,Ante-heat,3-year,SCTW,11,FISH,1.386294361,1.734601055,3.120895417,1.349625957,0.151913739,1.501539696,-0.021567472,0.633158567,0.611591094,0.079656565,0.691247659
2,2014-2016,Post-heat,3-year,ABUR,1,FISH,0,1.734601055,1.734601055,0.596293092,0.227706888,0.82399998,-0.142218214,0.442051064,0.29983285,0.000369712,0.300202562
2,2014-2016,Post-heat,3-year,AHND,2,FISH,0.189242,1.97024225,2.159484249,0.530114575,0.370608065,0.90072264,-0.335511881,0.290278616,-0.045233264,0.650107642,0.604874378
2,2014-2016,Post-heat,3-year,AQUE,3,FISH,1.549333988,1.243874021,2.793208009,0.858628027,0.797855564,1.65648359,-0.377036402,0.237719698,-0.139316703,0.50301988,0.363703177
2,2014-2016,Post-heat,3-year,BULL,4,FISH,0.255933374,1.641186611,1.897119985,0.629771438,0.404562052,1.03433349,-0.495774575,0.107029856,-0.388744719,0.458416907,0.069672189
2,2014-2016,Post-heat,3-year,CARP,5,FISH,1.343734747,1.221214611,2.564949357,0.466910066,0.464933973,0.931844038,-0.498510235,0.283560398,-0.214949837,0.251006629,0.036056793
2,2014-2016,Post-heat,3-year,GOLB,6,FISH,-0.344840486,1.731134847,1.386294361,0.309177612,-0.028182636,0.280994976,-0.188154476,0.990585896,0.80243142,0.462080249,1.26451167
2,2014-2016,Post-heat,3-year,IVEE,7,FISH,0.99633344,1.515972184,2.512305624,0.315996117,0.193077971,0.509074089,-0.097054542,0.16957885,0.072524308,0.248258741,0.320783049
2,2014-2016,Post-heat,3-year,MOHK,8,FISH,0.287682072,1.871802177,2.159484249,0.600560576,0.193152892,0.793713469,-0.437699818,0.618454917,0.180755099,0.059427441,0.240182541
2,2014-2016,Post-heat,3-year,NAPL,9,FISH,2.260025479,0.90404211,3.164067588,1.082131162,0.475798188,1.55792935,-0.189048591,0.551503952,0.362455361,0.614671783,0.977127144
2,2014-2016,Post-heat,3-year,SCDI,10,FISH,1.165751592,1.606837131,2.772588722,0.799523506,-0.293967907,0.505555598,-0.494051584,0.178485215,-0.315566369,0.291999423,-0.023566947
2,2014-2016,Post-heat,3-year,SCTW,11,FISH,1.191394022,1.661237408,2.85263143,1.402795706,0.395459297,1.798255003,-0.215873344,0.631148569,0.415275225,0.019100451,0.434375675
1,2011-2013,Ante-heat,3-year,ABUR,1,MOBILE INVERT,-0.287682072,1.961658506,1.673976434,0.628086301,0.107618495,0.735704796,-0.397874487,0.784035007,0.38616052,0.038173383,0.424333903
1,2011-2013,Ante-heat,3-year,AHND,2,MOBILE INVERT,0.255933374,2.046651719,2.302585093,0.499695908,0.568702702,1.068398609,-8.83E-02,0.597939439,0.509629286,1.02962E-07,0.509629389
1,2011-2013,Ante-heat,3-year,AQUE,3,MOBILE INVERT,2.144956149,0.816874573,2.961830722,0.814741671,0.018745329,0.833487,0.145872556,0.67014228,0.816014836,0.560542958,1.376557793
1,2011-2013,Ante-heat,3-year,BULL,4,MOBILE INVERT,0.606135804,1.386294361,1.992430165,0.639685192,0.395145109,1.034830302,-0.020677858,0.175082115,0.154404256,0.263487105,0.417891362
1,2011-2013,Ante-heat,3-year,CARP,5,MOBILE INVERT,2.260025479,0.701805243,2.961830722,0.672060518,0.060544754,0.732605272,0.45387816,0.327403506,0.781281666,1.209528736,1.990810402
1,2011-2013,Ante-heat,3-year,GOLB,6,MOBILE INVERT,0.559615788,1.673976434,2.233592222,0.740608178,0.202180155,0.942788333,-0.271046861,0.74600185,0.474954989,1.328643638,1.803598627
1,2011-2013,Ante-heat,3-year,IVEE,7,MOBILE INVERT,1.91569637,0.917516974,2.833213344,0.808461069,0.433450391,1.24191146,0.34751365,0.479175303,0.826688954,0.825277816,1.65196677
1,2011-2013,Ante-heat,3-year,MOHK,8,MOBILE INVERT,0.792238083,1.60565719,2.397895273,0.629978179,0.232662844,0.862641023,1.362721204,0.524815244,1.887536448,0.380643502,2.26817995
1,2011-2013,Ante-heat,3-year,NAPL,9,MOBILE INVERT,2.294216843,0.614504053,2.908720897,0.885999464,0.104797302,0.990796766,0.374757742,0.552303733,0.927061475,0.83016647,1.757227945
1,2011-2013,Ante-heat,3-year,SCDI,10,MOBILE INVERT,0.650587566,1.546637011,2.197224577,0.600163966,-0.067518261,0.532645705,0.905805923,0.298461539,1.204267462,0.107942365,1.312209827
1,2011-2013,Ante-heat,3-year,SCTW,11,MOBILE INVERT,0.753771802,1.673976434,2.427748236,0.937109327,0.03436921,0.971478536,0.45717074,0.264655255,0.721825996,0.662456361,1.384282356
2,2014-2016,Post-heat,3-year,ABUR,1,MOBILE INVERT,-0.538996501,1.925290862,1.386294361,0.258170164,0.579682735,0.837852899,-0.153393382,1.216098416,1.062705034,0.211558807,1.274263841
2,2014-2016,Post-heat,3-year,AHND,2,MOBILE INVERT,-0.087011377,2.079441542,1.992430165,0.60804597,0.872893684,1.480939655,-0.268916472,0.949180505,0.680264033,0.116101566,0.7963656
2,2014-2016,Post-heat,3-year,AQUE,3,MOBILE INVERT,1.7847908,1.048422544,2.833213344,0.788557166,0.239986604,1.02854377,-0.006367152,0.321316984,0.314949833,0.076890415,0.391840247
2,2014-2016,Post-heat,3-year,BULL,4,MOBILE INVERT,0.792238083,1.60565719,2.397895273,0.664488921,0.20992591,0.874414831,-0.117790958,0.329175007,0.211384049,0.046667278,0.258051327
2,2014-2016,Post-heat,3-year,CARP,5,MOBILE INVERT,2.224623552,0.684097345,2.908720897,0.674262646,0.218026114,0.89228876,0.272491335,0.454061307,0.726552642,0.300877221,1.027429863
2,2014-2016,Post-heat,3-year,GOLB,6,MOBILE INVERT,0.080042708,1.817077277,1.897119985,0.339680557,0.486796072,0.826476629,-0.06182218,0.319094986,0.257272806,0.061178197,0.318451003
2,2014-2016,Post-heat,3-year,IVEE,7,MOBILE INVERT,1.466337069,1.045968555,2.512305624,0.591305022,0.42868242,1.019987442,-0.158450993,0.290420213,0.131969221,0.953715199,1.08568442
2,2014-2016,Post-heat,3-year,MOHK,8,MOBILE INVERT,0.583146285,1.614078292,2.197224577,0.638778351,0.071352784,0.710131135,-0.061807225,0.097386644,0.035579419,0.007074327,0.042653746
2,2014-2016,Post-heat,3-year,NAPL,9,MOBILE INVERT,2.1102132,0.74241823,2.85263143,0.782896212,-0.120197259,0.662698953,0.18205746,0.252589412,0.434646873,0.206696105,0.641342978
2,2014-2016,Post-heat,3-year,SCDI,10,MOBILE INVERT,0.535518236,1.661706341,2.197224577,0.72225645,-0.023778521,0.698477929,0.128424588,0.223272157,0.351696745,0.103389863,0.455086608
2,2014-2016,Post-heat,3-year,SCTW,11,MOBILE INVERT,0.713766468,1.742969305,2.456735773,0.71329253,0.020815977,0.734108507,-0.162673697,0.419270932,0.256597235,0.063292713,0.319889948
1,2011-2013,Ante-heat,3-year,ABUR,1,UNDERSTORY ALGAE,1.084626047,1.82409485,2.908720897,0.694202252,0.268999044,0.963201296,0.346707233,0.388282968,0.734990201,0.010080261,0.745070462
1,2011-2013,Ante-heat,3-year,AHND,2,UNDERSTORY ALGAE,0.559615788,1.979358083,2.538973871,0.755804055,0.777175071,1.532979126,-0.008826643,0.3059902,0.297163558,0.037398301,0.334561858
1,2011-2013,Ante-heat,3-year,AQUE,3,UNDERSTORY ALGAE,1.805552791,1.138886188,2.944438979,0.712247008,0.223464524,0.935711533,-0.127180873,0.526922548,0.399741675,0.135290512,0.535032186
1,2011-2013,Ante-heat,3-year,BULL,4,UNDERSTORY ALGAE,1.549333988,1.34103777,2.890371758,1.148821555,0.144089235,1.29291079,0.485061826,0.274858642,0.759920469,1.911310137,2.671230606
1,2011-2013,Ante-heat,3-year,CARP,5,UNDERSTORY ALGAE,1.77070606,1.434746745,3.205452805,0.887692563,1.172866426,2.06055899,0.441737478,0.40638515,0.848122628,1.36334894,2.211471568
1,2011-2013,Ante-heat,3-year,GOLB,6,UNDERSTORY ALGAE,0.916290732,1.722766598,2.63905733,1.385426326,0.176170139,1.561596465,1.77E-01,0.756123231,0.933288506,2.57859E-05,0.933314292
1,2011-2013,Ante-heat,3-year,IVEE,7,UNDERSTORY ALGAE,1.865371287,1.210403695,3.075774981,0.940985265,0.680526929,1.621512194,-0.042236247,0.655236738,0.613000491,0.366252186,0.979252677
1,2011-2013,Ante-heat,3-year,MOHK,8,UNDERSTORY ALGAE,0.318453731,1.718428196,2.036881927,0.823135993,0.418945613,1.242081606,-0.229322299,0.471000684,0.241678385,0.018302928,0.259981313
1,2011-2013,Ante-heat,3-year,NAPL,9,UNDERSTORY ALGAE,2.41293315,0.76512068,3.17805383,1.233791992,0.305232378,1.53902437,0.267750365,0.79620753,1.063957895,0.882990602,1.946948497
1,2011-2013,Ante-heat,3-year,SCDI,10,UNDERSTORY ALGAE,0.628608659,1.604983562,2.233592222,0.566030631,-0.026073318,0.539957313,1.218930893,0.342351522,1.561282415,1.657561747,3.218844163
1,2011-2013,Ante-heat,3-year,SCTW,11,UNDERSTORY ALGAE,0.773189888,1.84176989,2.614959778,1.176770799,0.212181832,1.388952631,0.747865472,1.028616673,1.776482145,0.422023707,2.198505852
2,2014-2016,Post-heat,3-year,ABUR,1,UNDERSTORY ALGAE,1.178654996,1.817077277,2.995732274,1.113389244,-0.01038258,1.103006665,6.54E-01,0.829132216,1.482864977,8.99265E-05,1.482954904
2,2014-2016,Post-heat,3-year,AHND,2,UNDERSTORY ALGAE,0.223143551,1.974081026,2.197224577,0.483746385,0.275272955,0.75901934,-0.128998827,0.44489409,0.315895263,0.000204652,0.316099915
2,2014-2016,Post-heat,3-year,AQUE,3,UNDERSTORY ALGAE,1.858898772,1.169623324,3.028522096,0.753349633,0.361153949,1.114503582,-0.179276996,0.46839716,0.289120163,1.51757652,1.806696684
2,2014-2016,Post-heat,3-year,BULL,4,UNDERSTORY ALGAE,1.558144618,1.313535007,2.871679625,1.304306482,0.295661951,1.599968433,-0.026563325,0.584379383,0.557816057,0.024270779,0.582086836
2,2014-2016,Post-heat,3-year,CARP,5,UNDERSTORY ALGAE,1.951844885,1.139197569,3.091042453,0.979599178,1.091528333,2.07112751,0.207136417,0.357547172,0.564683588,0.304980244,0.869663833
2,2014-2016,Post-heat,3-year,GOLB,6,UNDERSTORY ALGAE,1.112405611,1.617623497,2.730029108,1.18391219,0.011726976,1.195639166,0.136068938,1.036105013,1.172173951,0.014699646,1.186873597
2,2014-2016,Post-heat,3-year,IVEE,7,UNDERSTORY ALGAE,2.238046572,0.99407448,3.232121052,1.095165377,0.444947872,1.540113249,-0.088353786,0.588114377,0.49976059,0.240239005,0.739999595
2,2014-2016,Post-heat,3-year,MOHK,8,UNDERSTORY ALGAE,1.084626047,1.72878467,2.813410717,1.717199514,0.137504604,1.854704118,0.01493739,0.324038379,0.338975769,0.011688105,0.350663874
2,2014-2016,Post-heat,3-year,NAPL,9,UNDERSTORY ALGAE,2.327277706,0.793617711,3.120895417,1.329475837,0.45425422,1.783730057,0.359835632,0.47350539,0.833341023,0.103157338,0.936498361
2,2014-2016,Post-heat,3-year,SCDI,10,UNDERSTORY ALGAE,0.713766468,1.588818625,2.302585093,0.718106014,-0.008254554,0.70985146,0.37137406,0.098744726,0.470118786,0.001665607,0.471784393
2,2014-2016,Post-heat,3-year,SCTW,11,UNDERSTORY ALGAE,0.899483614,1.739573716,2.63905733,1.553497111,0.318193853,1.871690964,-0.102294222,0.803902828,0.701608606,0.021907498,0.723516103
1,2010-2013,Ante-heat,4-year,ABUR,1,SESSILE INVERT,0.14518201,1.869721011,2.014903021,0.518961601,0.710065735,1.229027335,-0.040003206,0.331119046,0.29111584,0.173876423,0.464992264
1,2010-2013,Ante-heat,4-year,AHND,2,SESSILE INVERT,-0.031748698,1.941291203,1.909542505,0.314984791,0.513661407,0.828646198,-0.151179586,0.221920875,0.07074129,0.009158482,0.079899771
1,2010-2013,Ante-heat,4-year,AQUE,3,SESSILE INVERT,2.063693185,1.286210903,3.349904087,0.355301191,-0.154936823,0.200364368,0.552064334,0.102790441,0.654854775,0.270087238,0.924942013
1,2010-2013,Ante-heat,4-year,BULL,4,SESSILE INVERT,1.000172216,1.44217482,2.442347035,0.16966867,-0.007470584,0.162198087,0.384138131,0.019231588,0.403369719,0.03601912,0.439388839
1,2010-2013,Ante-heat,4-year,CARP,5,SESSILE INVERT,2.121512756,1.046069775,3.16758253,0.328992205,0.263266104,0.592258309,0.873306085,0.051613328,0.924919413,0.305160766,1.230080179
1,2010-2013,Ante-heat,4-year,GOLB,6,SESSILE INVERT,0.693147181,1.77070606,2.463853241,0.371425403,0.096783554,0.468208957,0.268453556,0.227065002,0.495518558,0.132858709,0.628377266
1,2010-2013,Ante-heat,4-year,IVEE,7,SESSILE INVERT,1.615668462,1.058480187,2.674148649,0.194795443,0.047492976,0.242288419,0.439445719,0.070465305,0.509911024,0.118141052,0.628052076
1,2010-2013,Ante-heat,4-year,MOHK,8,SESSILE INVERT,1.424613225,1.753440605,3.17805383,0.835584037,-0.116713954,0.718870082,0.154363279,0.265342714,0.419705993,0.01834692,0.438052913
1,2010-2013,Ante-heat,4-year,NAPL,9,SESSILE INVERT,2.676301503,0.79721654,3.473518043,0.726533409,-0.078321548,0.648211861,0.586580816,0.375787751,0.962368567,0.704559431,1.666927998
1,2010-2013,Ante-heat,4-year,SCDI,10,SESSILE INVERT,1.354545663,1.665879223,3.020424886,1.292196768,0.260678674,1.552875442,0.2388798,1.188752537,1.427632337,0.024871033,1.45250337
1,2010-2013,Ante-heat,4-year,SCTW,11,SESSILE INVERT,1.370546004,1.697506931,3.068052935,0.947926771,0.093533108,1.041459879,-0.162105478,0.216365871,0.054260393,0.114711244,0.168971637
2,2014-2017,Post-heat,4-year,ABUR,1,SESSILE INVERT,-0.287682072,1.897119985,1.609437912,0.379977381,0.533517952,0.913495332,-0.18951846,0.313244062,0.123725601,1.572954112,1.696679713
2,2014-2017,Post-heat,4-year,AHND,2,SESSILE INVERT,-0.632522559,1.811177555,1.178654996,0.15253343,0.221213802,0.373747232,-0.028724525,0.099048415,0.07032389,0.141539916,0.211863806
2,2014-2017,Post-heat,4-year,AQUE,3,SESSILE INVERT,2.039595633,1.138458197,3.17805383,0.432533871,-0.148594311,0.283939561,-0.123358133,0.068691207,-0.054666927,0.466751286,0.41208436
2,2014-2017,Post-heat,4-year,BULL,4,SESSILE INVERT,0.738956717,1.538310568,2.277267285,0.271880902,0.072689511,0.344570413,0.615764137,0.111294092,0.727058229,0.052610681,0.77966891
2,2014-2017,Post-heat,4-year,CARP,5,SESSILE INVERT,2.172618767,1.104525966,3.277144733,0.323456268,0.208462999,0.531919267,0.623747156,0.311924585,0.935671741,0.424416821,1.360088562
2,2014-2017,Post-heat,4-year,GOLB,6,SESSILE INVERT,0.384411699,1.755654465,2.140066163,0.370579597,0.205006827,0.575586424,-0.577402942,0.00493592,-0.572467023,0.000681339,-0.571785683
2,2014-2017,Post-heat,4-year,IVEE,7,SESSILE INVERT,1.640209571,0.943787981,2.583997552,0.088154105,-0.028770345,0.05938376,0.367222583,0.043873316,0.411095899,0.749110434,1.160206334
2,2014-2017,Post-heat,4-year,MOHK,8,SESSILE INVERT,1.234744463,1.627456418,2.862200881,1.066891498,0.279446069,1.346337566,0.543975865,1.155624241,1.699600106,0.23973265,1.939332755
2,2014-2017,Post-heat,4-year,NAPL,9,SESSILE INVERT,2.774539942,0.737005496,3.511545439,0.794899322,0.039143416,0.834042737,0.395384253,0.400038445,0.795422698,0.555212443,1.350635141
2,2014-2017,Post-heat,4-year,SCDI,10,SESSILE INVERT,1.483023988,1.652470228,3.135494216,1.274037463,0.031603453,1.305640916,0.269425733,0.958648677,1.22807441,0.270219293,1.498293703
2,2014-2017,Post-heat,4-year,SCTW,11,SESSILE INVERT,1.346448453,1.755893556,3.102342009,0.85673448,0.07092351,0.92765799,-0.144976276,0.282485803,0.137509527,0.074951333,0.21246086
1,2010-2013,Ante-heat,4-year,ABUR,1,FISH,0.271933715,1.897119985,2.1690537,0.862327593,0.354989834,1.217317427,-0.531149831,0.79158094,0.260431109,0.277312075,0.537743184
1,2010-2013,Ante-heat,4-year,AHND,2,FISH,0.677398824,1.925290862,2.602689685,0.94774967,0.537221895,1.484971564,-0.056601558,0.337795284,0.281193726,0.008779278,0.289973004
1,2010-2013,Ante-heat,4-year,AQUE,3,FISH,1.817467826,1.262145932,3.079613758,0.92138115,0.482074745,1.403455895,-0.421119231,0.549589256,0.128470025,0.568598558,0.697068583
1,2010-2013,Ante-heat,4-year,BULL,4,FISH,0.060624622,1.848917883,1.909542505,0.473923412,0.267843123,0.741766535,-0.678370277,0.510800928,-0.167569349,0.418248982,0.250679633
1,2010-2013,Ante-heat,4-year,CARP,5,FISH,1.538210403,1.249882506,2.788092909,0.529413334,1.034274989,1.563688322,-0.322352976,0.43401057,0.111657594,0.272427692,0.384085286
1,2010-2013,Ante-heat,4-year,GOLB,6,FISH,0.117783036,1.791759469,1.909542505,0.676640787,0.069002405,0.745643191,-0.644973845,0.177672991,-0.467300855,0.004821938,-0.462478917
1,2010-2013,Ante-heat,4-year,IVEE,7,FISH,1.338285142,1.352957941,2.691243083,0.585013836,0.052390619,0.637404456,-0.549761699,0.169210665,-0.380551034,0.219485411,-0.161065622
1,2010-2013,Ante-heat,4-year,MOHK,8,FISH,0.940983344,1.799856679,2.740840024,1.133575401,0.306805641,1.440381042,-0.163179417,0.619581647,0.45640223,0.400793991,0.857196221
1,2010-2013,Ante-heat,4-year,NAPL,9,FISH,2.371994544,0.866683908,3.238678452,1.209693326,0.766240744,1.975934071,-0.176457175,1.004589619,0.828132444,0.574156404,1.402288848
1,2010-2013,Ante-heat,4-year,SCDI,10,FISH,1.225611979,1.650773536,2.876385516,1.303916227,0.081832726,1.385748953,-0.366056972,0.775322608,0.409265637,0.127798169,0.537063806
1,2010-2013,Ante-heat,4-year,SCTW,11,FISH,1.401798548,1.711716762,3.113515309,1.416612695,0.205342055,1.62195475,-0.039548375,0.794164251,0.754615876,0.091504337,0.846120213
2,2014-2017,Post-heat,4-year,ABUR,1,FISH,0.030771659,1.760987811,1.791759469,0.601367202,0.197440082,0.798807283,-0.185209648,0.545614787,0.360405139,0.037503783,0.397908922
2,2014-2017,Post-heat,4-year,AHND,2,FISH,0.060624622,1.954278399,2.014903021,0.554436255,0.390900528,0.945336783,-0.483117848,0.254155206,-0.228962642,0.427207032,0.19824439
2,2014-2017,Post-heat,4-year,AQUE,3,FISH,1.47590652,1.248672983,2.724579503,0.817136977,0.836451018,1.653587996,-0.452395345,0.24242931,-0.209966034,0.418904349,0.208938315
2,2014-2017,Post-heat,4-year,BULL,4,FISH,0.426084395,1.684128805,2.1102132,0.662609987,0.440788451,1.103398438,-0.539758071,0.374654154,-0.165103917,0.491094429,0.325990512
2,2014-2017,Post-heat,4-year,CARP,5,FISH,1.362577835,1.16315081,2.525728644,0.496915263,0.593787991,1.090703254,-0.442527163,0.25890478,-0.183622383,0.472175481,0.288553098
2,2014-2017,Post-heat,4-year,GOLB,6,FISH,-0.246860078,1.750937475,1.504077397,0.401798563,-0.022069705,0.379728858,-0.433450243,0.230506772,-0.202943472,0.004204174,-0.198739298
2,2014-2017,Post-heat,4-year,IVEE,7,FISH,0.940983344,1.5847453,2.525728644,0.279623268,0.130461479,0.410084748,-0.502431364,0.10551403,-0.396917335,0.607332733,0.210415398
2,2014-2017,Post-heat,4-year,MOHK,8,FISH,0.446287103,1.805004696,2.251291799,0.715642373,0.247409451,0.963051824,-0.496407481,0.68869249,0.192285009,0.230939615,0.423224623
2,2014-2017,Post-heat,4-year,NAPL,9,FISH,2.183238335,0.930276974,3.113515309,1.051907757,0.380470486,1.432378243,-0.221547919,0.660065242,0.438517323,0.710435197,1.148952521
2,2014-2017,Post-heat,4-year,SCDI,10,FISH,1.15923691,1.597603455,2.756840365,0.949812391,-0.255382492,0.694429899,-0.577215678,0.190669281,-0.386546397,0.251540581,-0.135005816
2,2014-2017,Post-heat,4-year,SCTW,11,FISH,1.188224447,1.673976434,2.862200881,1.348530208,0.334759922,1.683290129,-0.190856695,0.761182724,0.570326029,0.027752836,0.598078865
1,2010-2013,Ante-heat,4-year,ABUR,1,MOBILE INVERT,-0.421213465,1.925290862,1.504077397,0.41829761,0.096241294,0.514538904,-0.538180056,0.598317441,0.060137385,0.02776968,0.087907065
1,2010-2013,Ante-heat,4-year,AHND,2,MOBILE INVERT,0.340926587,2.033979168,2.374905755,0.452410745,0.542747162,0.995157908,-0.081290575,0.32620276,0.244912186,0.021734308,0.266646494
1,2010-2013,Ante-heat,4-year,AQUE,3,MOBILE INVERT,2.165475879,0.817677612,2.983153491,0.820303805,0.075018966,0.895322771,0.113114907,0.583186724,0.696301631,0.884739885,1.581041516
1,2010-2013,Ante-heat,4-year,BULL,4,MOBILE INVERT,0.768370602,1.371695562,2.140066163,0.763687611,0.377370334,1.141057945,-0.103140846,0.392130338,0.288989493,0.170604981,0.459594474
1,2010-2013,Ante-heat,4-year,CARP,5,MOBILE INVERT,2.257849199,0.68658978,2.944438979,0.628977263,0.074256043,0.703233306,0.505607954,0.442016072,0.947624025,1.173641009,2.121265034
1,2010-2013,Ante-heat,4-year,GOLB,6,MOBILE INVERT,0.611801541,1.665465744,2.277267285,0.855372532,0.18012155,1.035494081,-0.099471915,0.49363006,0.394158145,0.666482638,1.060640783
1,2010-2013,Ante-heat,4-year,IVEE,7,MOBILE INVERT,1.716047647,0.992002554,2.708050201,0.827603024,0.415379214,1.242982238,-0.031801603,0.357918175,0.326116572,0.646570488,0.97268706
1,2010-2013,Ante-heat,4-year,MOHK,8,MOBILE INVERT,0.810930216,1.631416819,2.442347035,0.613238092,0.211721978,0.82496007,1.253599772,0.52952815,1.783127922,0.591619865,2.374747787
1,2010-2013,Ante-heat,4-year,NAPL,9,MOBILE INVERT,2.383588877,0.599564614,2.983153491,0.991733314,0.111083577,1.102816891,0.325305731,0.6351607,0.960466431,0.999515444,1.959981876
1,2010-2013,Ante-heat,4-year,SCDI,10,MOBILE INVERT,0.677398824,1.599868461,2.277267285,0.700668181,-0.017200743,0.683467438,0.277798586,0.191760429,0.469559015,0.049821624,0.51938064
1,2010-2013,Ante-heat,4-year,SCTW,11,MOBILE INVERT,0.796943974,1.623424154,2.420368129,1.023727976,0.048182016,1.071909992,0.342546354,0.253817298,0.596363653,0.384952137,0.98131579
2,2014-2017,Post-heat,4-year,ABUR,1,MOBILE INVERT,-0.575364145,1.961658506,1.386294361,0.260441535,0.529011743,0.789453278,-0.285081228,0.452843621,0.167762393,1.307128091,1.474890484
2,2014-2017,Post-heat,4-year,AHND,2,MOBILE INVERT,-0.207639365,2.040220829,1.832581464,0.483573847,0.495359123,0.97893297,-0.4391268,0.634850856,0.195724055,0.071710574,0.267434629
2,2014-2017,Post-heat,4-year,AQUE,3,MOBILE INVERT,1.760010771,1.028082138,2.788092909,0.836218095,0.264573773,1.100791868,-0.09102265,0.440632653,0.349610003,0.096415087,0.44602509
2,2014-2017,Post-heat,4-year,BULL,4,MOBILE INVERT,0.693147181,1.584120104,2.277267285,0.588607865,0.152630131,0.741237996,-0.171654042,0.314761397,0.143107355,0.04106763,0.184174986
2,2014-2017,Post-heat,4-year,CARP,5,MOBILE INVERT,2.20414502,0.672240496,2.876385516,0.665627686,0.206495509,0.872123195,0.134631779,0.588237383,0.722869162,0.395733289,1.118602451
2,2014-2017,Post-heat,4-year,GOLB,6,MOBILE INVERT,-0.031748698,1.780948553,1.749199855,0.257783309,0.31281728,0.570600589,-0.314483878,0.390216947,0.075733068,0.047558528,0.123291596
2,2014-2017,Post-heat,4-year,IVEE,7,MOBILE INVERT,1.46873803,0.973609005,2.442347035,0.57966604,0.495897221,1.075563261,-0.127922382,0.323048224,0.195125841,0.829970389,1.02509623
2,2014-2017,Post-heat,4-year,MOHK,8,MOBILE INVERT,0.611801541,1.639490258,2.251291799,0.695439751,0.126374406,0.821814157,-0.134028848,0.241996408,0.10796756,0.006687636,0.114655196
2,2014-2017,Post-heat,4-year,NAPL,9,MOBILE INVERT,2.121512756,0.726299388,2.847812143,0.854099478,-0.050185854,0.803913624,-0.062584525,0.358758319,0.296173794,0.186816172,0.482989966
2,2014-2017,Post-heat,4-year,SCDI,10,MOBILE INVERT,0.645137961,1.632129324,2.277267285,0.854085375,-0.008630727,0.845454648,0.044723962,0.384814636,0.429538598,0.189761252,0.619299851
2,2014-2017,Post-heat,4-year,SCTW,11,MOBILE INVERT,0.768370602,1.716536048,2.48490665,0.766932038,0.045962188,0.812894225,-0.216977239,0.481672621,0.264695382,0.092018355,0.356713737
1,2010-2013,Ante-heat,4-year,ABUR,1,UNDERSTORY ALGAE,1.15923691,1.758533822,2.917770732,0.84751348,0.271005871,1.118519351,0.161277614,0.628353646,0.78963126,0.033804986,0.823436246
1,2010-2013,Ante-heat,4-year,AHND,2,UNDERSTORY ALGAE,0.661398482,1.959640342,2.621038824,0.794822134,0.828796759,1.623618893,-0.011460609,0.428211801,0.416751192,0.038477402,0.455228594
1,2010-2013,Ante-heat,4-year,AQUE,3,UNDERSTORY ALGAE,1.86698289,1.177539547,3.044522438,0.7761474,0.252698885,1.028846285,-0.115037898,0.602400181,0.487362283,0.229001822,0.716364105
1,2010-2013,Ante-heat,4-year,BULL,4,UNDERSTORY ALGAE,1.524696684,1.365675074,2.890371758,1.013500288,0.173966595,1.187466882,0.494970771,0.444356002,0.939326773,1.278465711,2.217792485
1,2010-2013,Ante-heat,4-year,CARP,5,UNDERSTORY ALGAE,1.765372714,1.423043903,3.188416617,0.850966696,1.198184446,2.049151143,0.178196718,0.389570248,0.567766966,1.294953856,1.862720822
1,2010-2013,Ante-heat,4-year,GOLB,6,UNDERSTORY ALGAE,1.045123604,1.69571642,2.740840024,1.470649001,0.151508161,1.622157162,-0.009864989,0.676891138,0.667026149,0.156553196,0.823579346
1,2010-2013,Ante-heat,4-year,IVEE,7,UNDERSTORY ALGAE,1.640209571,1.277561161,2.917770732,0.905134374,0.381583288,1.286717662,-0.19989885,0.407551134,0.207652284,0.340990702,0.548642987
1,2010-2013,Ante-heat,4-year,MOHK,8,UNDERSTORY ALGAE,0.594707108,1.732570598,2.327277706,0.996182011,0.368711391,1.364893402,-0.199137249,0.22790024,0.028762991,0.018910112,0.047673103
1,2010-2013,Ante-heat,4-year,NAPL,9,UNDERSTORY ALGAE,2.417586486,0.71790773,3.135494216,1.191731565,0.24199081,1.433722376,0.152585672,0.742577819,0.89516349,1.240563577,2.135727068
1,2010-2013,Ante-heat,4-year,SCDI,10,UNDERSTORY ALGAE,0.708651367,1.593933726,2.302585093,0.517830791,-0.019909708,0.497921083,1.001290157,0.323012341,1.324302497,0.193607335,1.517909833
1,2010-2013,Ante-heat,4-year,SCTW,11,UNDERSTORY ALGAE,0.890972924,1.817077277,2.708050201,1.105373026,0.131899221,1.237272247,0.503556592,0.788488611,1.292045203,0.068034437,1.36007964
2,2014-2017,Post-heat,4-year,ABUR,1,UNDERSTORY ALGAE,1.207092932,1.872520826,3.079613758,1.191442933,0.113961511,1.305404444,0.120092429,0.559541289,0.679633718,0.384719101,1.064352819
2,2014-2017,Post-heat,4-year,AHND,2,UNDERSTORY ALGAE,-0.064538521,1.974081026,1.909542505,0.483746385,0.275272955,0.75901934,-0.367093526,0.322200455,-0.04489307,0.009068989,-0.035824081
2,2014-2017,Post-heat,4-year,AQUE,3,UNDERSTORY ALGAE,1.827568922,1.204977325,3.032546247,0.810904683,0.380453979,1.191358663,-0.295082942,0.459481666,0.164398723,0.753222558,0.917621281
2,2014-2017,Post-heat,4-year,BULL,4,UNDERSTORY ALGAE,1.628014298,1.355139193,2.983153491,1.41204527,0.290109139,1.702154408,-0.087606454,0.605929414,0.51832296,0.020609587,0.538932547
2,2014-2017,Post-heat,4-year,CARP,5,UNDERSTORY ALGAE,1.881371628,1.186681307,3.068052935,0.919391696,1.131978656,2.051370352,0.238712966,0.414742144,0.653455109,0.336008448,0.989463557
2,2014-2017,Post-heat,4-year,GOLB,6,UNDERSTORY ALGAE,1.178654996,1.624705385,2.803360381,1.191964877,0.011693061,1.203657938,0.187757506,0.906496702,1.094254208,0.294829504,1.389083711
2,2014-2017,Post-heat,4-year,IVEE,7,UNDERSTORY ALGAE,2.190255908,1.028619917,3.218875825,1.105011013,0.522732252,1.627743264,-0.150786584,0.596531837,0.445745253,0.230300306,0.676045559
2,2014-2017,Post-heat,4-year,MOHK,8,UNDERSTORY ALGAE,0.965080896,1.726162187,2.691243083,1.442412752,0.094128643,1.536541396,-0.082121648,0.29865806,0.216536411,0.009188847,0.225725258
2,2014-2017,Post-heat,4-year,NAPL,9,UNDERSTORY ALGAE,2.34540509,0.756936918,3.102342009,1.276994112,0.443226966,1.720221078,0.127180371,0.690604299,0.81778467,0.133524475,0.951309145
2,2014-2017,Post-heat,4-year,SCDI,10,UNDERSTORY ALGAE,0.645137961,1.606153837,2.251291799,0.713171293,0.00507401,0.718245303,0.254739083,0.104737836,0.359476919,0.001279923,0.360756842
2,2014-2017,Post-heat,4-year,SCTW,11,UNDERSTORY ALGAE,0.90371195,1.717326874,2.621038824,1.597072111,0.266602051,1.863674161,-0.143258717,0.822970106,0.679711389,0.149637667,0.829349056
1,2009-2013,Ante-heat,5-year,ABUR,1,SESSILE INVERT,0.072320662,1.844601951,1.916922612,0.573257593,0.614692204,1.187949797,-0.128080931,0.350085415,0.222004484,0.25711975,0.479124233
1,2009-2013,Ante-heat,5-year,AHND,2,SESSILE INVERT,0.072320662,1.955827586,2.028148247,0.34779282,0.594950864,0.942743684,-0.270695418,0.279139472,0.008444054,0.01492465,0.023368704
1,2009-2013,Ante-heat,5-year,AQUE,3,SESSILE INVERT,2.143003023,1.258194358,3.401197382,0.376850411,-0.174583819,0.202266591,0.603870253,0.116070429,0.719940682,0.305796214,1.025736895
1,2009-2013,Ante-heat,5-year,BULL,4,SESSILE INVERT,1.115141591,1.418555223,2.533696814,0.173622842,-0.007236062,0.16638678,0.500311401,0.021060082,0.521371483,0.069682208,0.591053691
1,2009-2013,Ante-heat,5-year,CARP,5,SESSILE INVERT,2.194442934,1.016400719,3.210843653,0.329021914,0.260992969,0.590014884,0.74970266,0.12542787,0.87513053,0.452314387,1.327444918
1,2009-2013,Ante-heat,5-year,GOLB,6,SESSILE INVERT,0.765467842,1.719438808,2.48490665,0.333011547,0.080752739,0.413764286,-0.127250619,0.035914309,-0.09133631,0.077328263,-0.014008047
1,2009-2013,Ante-heat,5-year,IVEE,7,SESSILE INVERT,1.526056303,1.168570877,2.694627181,0.17976524,0.012374516,0.192139756,0.067864402,0.073020918,0.140885319,0.627603115,0.768488434
1,2009-2013,Ante-heat,5-year,MOHK,8,SESSILE INVERT,1.429114358,1.732132354,3.161246712,0.841980391,-0.07244313,0.76953726,0.028485844,0.266501827,0.294987671,0.188621286,0.483608957
1,2009-2013,Ante-heat,5-year,NAPL,9,SESSILE INVERT,2.711377991,0.803148076,3.514526067,0.735444051,-0.059497433,0.675946619,0.49771195,0.375498768,0.873210718,0.870897259,1.744107977
1,2009-2013,Ante-heat,5-year,SCDI,10,SESSILE INVERT,1.435084525,1.637608789,3.072693315,1.397779606,0.245585759,1.643365365,0.164497139,1.339983704,1.504480843,0.041175111,1.545655955
1,2009-2013,Ante-heat,5-year,SCTW,11,SESSILE INVERT,1.373715579,1.689675343,3.063390922,0.904289213,0.073236363,0.977525576,-0.150620163,0.283401053,0.13278089,0.154850925,0.287631815
2,2014-2018,Post-heat,5-year,ABUR,1,SESSILE INVERT,0,1.85629799,1.85629799,0.465468356,0.438039293,0.903507649,-0.596328899,0.09929429,-0.497034609,0.056824202,-0.440210406
2,2014-2018,Post-heat,5-year,AHND,2,SESSILE INVERT,-0.744440475,1.774059892,1.029619417,0.120108564,0.166879528,0.286988092,-0.082570961,0.09518649,0.01261553,0.122943794,0.135559324
2,2014-2018,Post-heat,5-year,AQUE,3,SESSILE INVERT,2.088772869,1.145976305,3.234749174,0.431558952,-0.144246855,0.287312097,0.015704467,0.082912311,0.098616778,0.484926299,0.583543077
2,2014-2018,Post-heat,5-year,BULL,4,SESSILE INVERT,0.765467842,1.516914544,2.282382386,0.255203803,0.053019163,0.308222966,0.725437802,0.111825306,0.837263108,0.098421577,0.935684685
2,2014-2018,Post-heat,5-year,CARP,5,SESSILE INVERT,2.211017899,1.092199074,3.303216973,0.317713203,0.196347609,0.514060812,0.543702258,0.163561136,0.707263394,0.198608803,0.905872197
2,2014-2018,Post-heat,5-year,GOLB,6,SESSILE INVERT,0.485507816,1.755201873,2.240709689,0.326498035,0.164290397,0.490788433,-0.252203581,0.005721978,-0.246481603,0.003310938,-0.243170665
2,2014-2018,Post-heat,5-year,IVEE,7,SESSILE INVERT,1.713797928,1.0074975,2.721295428,0.077634513,-0.026558651,0.051075862,0.314143358,0.04391054,0.358053898,0.273841886,0.631895784
2,2014-2018,Post-heat,5-year,MOHK,8,SESSILE INVERT,1.301553133,1.642885847,2.944438979,0.992489418,0.101870125,1.094359543,-0.018246866,0.25038548,0.232138613,0.019192053,0.251330667
2,2014-2018,Post-heat,5-year,NAPL,9,SESSILE INVERT,2.78192005,0.761933632,3.543853682,0.808552201,0.081520556,0.890072757,0.312196707,0.356611251,0.668807958,0.718975539,1.387783497
2,2014-2018,Post-heat,5-year,SCDI,10,SESSILE INVERT,1.435084525,1.646825445,3.08190997,1.028530815,0.003966668,1.032497483,-0.346634633,0.182824612,-0.16381002,0.002282735,-0.161527285
2,2014-2018,Post-heat,5-year,SCTW,11,SESSILE INVERT,1.341558467,1.740351503,3.08190997,0.890624518,0.076912394,0.967536913,-0.246156927,0.422921072,0.176764146,0.124153738,0.300917884
1,2009-2013,Ante-heat,5-year,ABUR,1,FISH,0.223143551,1.928618652,2.151762203,0.737882275,0.420888693,1.158770968,-0.609407376,0.76982728,0.160419904,0.222199313,0.382619217
1,2009-2013,Ante-heat,5-year,AHND,2,FISH,0.573800423,1.94389605,2.517696473,0.939573235,0.467699924,1.40727316,-0.212081689,0.281970407,0.069888718,0.012054249,0.081942966
1,2009-2013,Ante-heat,5-year,AQUE,3,FISH,1.875640953,1.251119583,3.126760536,0.888570701,0.570680427,1.459251128,-0.583188438,0.500629598,-0.08255884,0.457204593,0.374645753
1,2009-2013,Ante-heat,5-year,BULL,4,FISH,0.117783036,1.85629799,1.974081026,0.462974008,0.193014336,0.655988344,-0.778260293,0.243411681,-0.534848612,0.237732223,-0.297116389
1,2009-2013,Ante-heat,5-year,CARP,5,FISH,1.589235205,1.267235001,2.856470206,0.534184843,1.036921428,1.571106271,-0.491871196,0.384514881,-0.107356315,0.56406719,0.456710875
1,2009-2013,Ante-heat,5-year,GOLB,6,FISH,0.281412459,1.798029082,2.079441542,0.683216643,0.014124004,0.697340648,-0.73965615,0.40861605,-0.3310401,0.006866168,-0.324173931
1,2009-2013,Ante-heat,5-year,IVEE,7,FISH,1.208960346,1.430096984,2.63905733,0.605026812,0.111332332,0.716359145,-0.672060674,0.154533658,-0.517527016,0.201645927,-0.315881089
1,2009-2013,Ante-heat,5-year,MOHK,8,FISH,0.885831524,1.795190004,2.681021529,1.076769755,0.377391781,1.454161535,-0.287224979,0.529873498,0.242648519,0.25268285,0.49533137
1,2009-2013,Ante-heat,5-year,NAPL,9,FISH,2.351375257,0.875468737,3.226843995,1.181792975,0.808274059,1.990067034,-0.231933267,0.758935589,0.527002322,0.805459889,1.332462212
1,2009-2013,Ante-heat,5-year,SCDI,10,FISH,1.301553133,1.663719933,2.965273066,1.298844991,0.083251039,1.382096029,-0.246545716,0.663009044,0.416463328,0.085276956,0.501740284
1,2009-2013,Ante-heat,5-year,SCTW,11,FISH,1.367366351,1.68663483,3.054001182,1.238665034,0.084715624,1.323380658,-0.119181708,0.847118544,0.727936836,0.215682063,0.943618899
2,2014-2018,Post-heat,5-year,ABUR,1,FISH,0.117783036,1.799139577,1.916922612,0.692448313,0.213493696,0.905942009,-0.178888311,0.578524127,0.399635816,0.172465626,0.572101442
2,2014-2018,Post-heat,5-year,AHND,2,FISH,0,1.945910149,1.945910149,0.566380522,0.439682083,1.006062605,-0.575730957,0.336191824,-0.239539133,0.406995167,0.167456034
2,2014-2018,Post-heat,5-year,AQUE,3,FISH,1.404870747,1.303179454,2.708050201,0.81859664,0.815423885,1.634020525,-0.490270366,0.344519601,-0.145750765,0.535638658,0.389887894
2,2014-2018,Post-heat,5-year,BULL,4,FISH,0.454255272,1.625186269,2.079441542,0.715277347,0.378099224,1.093376571,-0.594777458,0.496592591,-0.098184866,0.603779817,0.505594951
2,2014-2018,Post-heat,5-year,CARP,5,FISH,1.328400383,1.18929609,2.517696473,0.483424577,0.651018366,1.134442943,-0.503830603,0.275765913,-0.22806469,0.476395977,0.248331287
2,2014-2018,Post-heat,5-year,GOLB,6,FISH,-0.192371893,1.718428196,1.526056303,0.426759295,-0.019213253,0.407546042,-0.403715564,0.425587719,0.021872155,0.002863076,0.024735231
2,2014-2018,Post-heat,5-year,IVEE,7,FISH,0.945849534,1.58784728,2.533696814,0.318254873,0.229214808,0.547469682,-0.592175201,0.150172917,-0.442002284,0.549503435,0.107501151
2,2014-2018,Post-heat,5-year,MOHK,8,FISH,0.54522705,1.796578756,2.341805806,0.844024369,0.251898445,1.095922814,-0.369317769,0.57372477,0.204407,0.155625795,0.360032795
2,2014-2018,Post-heat,5-year,NAPL,9,FISH,2.151762203,0.93928025,3.091042453,1.022164214,0.4032958,1.425460014,-0.347257326,0.701959632,0.354702306,0.70137382,1.056076126
2,2014-2018,Post-heat,5-year,SCDI,10,FISH,1.147402453,1.586965057,2.734367509,0.999754717,-0.214463339,0.785291377,-0.640237028,0.203589283,-0.436647745,0.232036677,-0.204611069
2,2014-2018,Post-heat,5-year,SCTW,11,FISH,1.193922468,1.639290876,2.833213344,1.41161817,0.278902708,1.690520878,-0.192097565,0.840377836,0.648280271,0.017898012,0.666178283
1,2009-2013,Ante-heat,5-year,ABUR,1,MOBILE INVERT,-0.430782916,1.912387457,1.481604541,0.406458973,0.177397216,0.583856189,-0.579036248,0.523045553,-0.055990695,0.140317693,0.084326998
1,2009-2013,Ante-heat,5-year,AHND,2,MOBILE INVERT,0.336472237,2.043073898,2.379546134,0.403418644,0.478957637,0.882376281,-0.00482629,0.348377398,0.343551108,0.02054496,0.364096068
1,2009-2013,Ante-heat,5-year,AQUE,3,MOBILE INVERT,2.151762203,0.803148076,2.954910279,0.871779378,0.064398234,0.936177613,0.049992742,0.472104321,0.522097063,0.916080281,1.438177344
1,2009-2013,Ante-heat,5-year,BULL,4,MOBILE INVERT,0.854415328,1.342809249,2.197224577,0.834253385,0.347027805,1.18128119,-0.025461869,0.406943819,0.38148195,0.171816408,0.553298358
1,2009-2013,Ante-heat,5-year,CARP,5,MOBILE INVERT,2.277267285,0.677642994,2.954910279,0.640690597,0.07676415,0.717454747,0.527856821,0.527637012,1.055493833,1.142666819,2.198160651
1,2009-2013,Ante-heat,5-year,GOLB,6,MOBILE INVERT,0.693147181,1.686398954,2.379546134,0.928401217,0.220938891,1.149340108,-0.226050485,0.673712772,0.447662287,0.676995209,1.124657496
1,2009-2013,Ante-heat,5-year,IVEE,7,MOBILE INVERT,1.568615918,1.056052674,2.624668592,0.843608056,0.405584319,1.249192375,-0.176183964,0.368209976,0.192026012,0.452823041,0.644849053
1,2009-2013,Ante-heat,5-year,MOHK,8,MOBILE INVERT,0.843720039,1.607285059,2.451005098,0.622446372,0.207677655,0.830124027,1.183903691,0.498882279,1.68278597,0.387663579,2.070449549
1,2009-2013,Ante-heat,5-year,NAPL,9,MOBILE INVERT,2.388762789,0.606969484,2.995732274,1.011194623,0.128239999,1.139434623,0.319305347,0.631957328,0.951262675,1.149323686,2.100586362
1,2009-2013,Ante-heat,5-year,SCDI,10,MOBILE INVERT,0.753771802,1.625774332,2.379546134,0.791493282,0.010834647,0.802327929,0.158493496,0.201268722,0.359762218,0.039203582,0.3989658
1,2009-2013,Ante-heat,5-year,SCTW,11,MOBILE INVERT,0.777028665,1.620866608,2.397895273,1.041926089,0.052061403,1.093987492,0.343311465,0.247763893,0.591075359,0.319374564,0.910449923
2,2014-2018,Post-heat,5-year,ABUR,1,MOBILE INVERT,-0.553385238,1.939679599,1.386294361,0.223925509,0.555381707,0.779307216,-0.587052055,0.662287297,0.075235242,0.1713667,0.246601942
2,2014-2018,Post-heat,5-year,AHND,2,MOBILE INVERT,-0.393042588,2.041701214,1.648658626,0.408714511,0.283294468,0.692008979,-0.57761626,0.519108765,-0.058507496,0.1925,0.133992504
2,2014-2018,Post-heat,5-year,AQUE,3,MOBILE INVERT,1.774952351,1.034450344,2.809402695,0.880539976,0.266504124,1.1470441,-0.070663983,0.529753322,0.459089339,0.152438547,0.611527886
2,2014-2018,Post-heat,5-year,BULL,4,MOBILE INVERT,0.654925968,1.606837131,2.261763098,0.604135267,0.157542809,0.761678075,-0.281853701,0.320967582,0.03911388,0.049358257,0.088472138
2,2014-2018,Post-heat,5-year,CARP,5,MOBILE INVERT,2.211017899,0.645452307,2.856470206,0.701530593,0.224708058,0.926238651,0.037563347,0.543491292,0.58105464,0.329686479,0.910741119
2,2014-2018,Post-heat,5-year,GOLB,6,MOBILE INVERT,0,1.791759469,1.791759469,0.38677876,0.319021112,0.705799873,-0.426513695,0.493628904,0.067115209,0.053355178,0.120470387
2,2014-2018,Post-heat,5-year,IVEE,7,MOBILE INVERT,1.515127233,0.986308719,2.501435952,0.642539861,0.494929556,1.137469418,-0.179774616,0.381276565,0.201501949,0.861279522,1.062781471
2,2014-2018,Post-heat,5-year,MOHK,8,MOBILE INVERT,0.615185639,1.62552405,2.240709689,0.755507302,0.124259265,0.879766567,-0.021956873,0.296583127,0.274626254,0.03997684,0.314603094
2,2014-2018,Post-heat,5-year,NAPL,9,MOBILE INVERT,2.157559321,0.710339581,2.867898902,0.911565348,0.001694267,0.913259614,-0.148312687,0.473947559,0.325634872,0.323057595,0.648692468
2,2014-2018,Post-heat,5-year,SCDI,10,MOBILE INVERT,0.741937345,1.618916656,2.360854001,0.8482895,-0.008646739,0.839642761,-0.221634549,0.378026964,0.156392415,0.386207605,0.54260002
2,2014-2018,Post-heat,5-year,SCTW,11,MOBILE INVERT,0.799756916,1.685149734,2.48490665,0.850928632,0.058676323,0.909604955,-0.089454096,0.453391741,0.363937645,0.057546861,0.421484506
1,2009-2013,Ante-heat,5-year,ABUR,1,UNDERSTORY ALGAE,1.115141591,1.775230167,2.890371758,0.890830737,0.318484879,1.209315616,0.139760049,0.644774835,0.784534883,0.087645484,0.872180368
1,2009-2013,Ante-heat,5-year,AHND,2,UNDERSTORY ALGAE,0.693147181,1.960094784,2.653241965,0.841347539,0.778858064,1.620205603,-0.087217675,0.438707689,0.351490014,0.03713388,0.388623894
1,2009-2013,Ante-heat,5-year,AQUE,3,UNDERSTORY ALGAE,1.898369204,1.165021718,3.063390922,0.8289487,0.237580744,1.066529444,-0.190574985,0.694154805,0.50357982,0.28360738,0.7871872
1,2009-2013,Ante-heat,5-year,BULL,4,UNDERSTORY ALGAE,1.563393974,1.391516305,2.954910279,0.884788146,0.141512674,1.02630082,0.501353524,0.555749329,1.057102854,1.304115686,2.36121854
1,2009-2013,Ante-heat,5-year,CARP,5,UNDERSTORY ALGAE,1.913239367,1.305636458,3.218875825,0.883953228,1.16313716,2.047090388,0.002866228,0.487794387,0.490660616,0.574455,1.065115616
1,2009-2013,Ante-heat,5-year,GOLB,6,UNDERSTORY ALGAE,1.011600912,1.683026269,2.694627181,1.392037329,0.125093705,1.517131034,-0.074956122,0.66667002,0.591713899,0.170382657,0.762096555
1,2009-2013,Ante-heat,5-year,IVEE,7,UNDERSTORY ALGAE,1.498506352,1.346403032,2.844909384,0.843789938,0.10233286,0.946122799,-0.404312595,0.340225146,-0.064087449,0.721427065,0.657339616
1,2009-2013,Ante-heat,5-year,MOHK,8,UNDERSTORY ALGAE,0.628608659,1.713197147,2.341805806,0.955745083,0.257762559,1.213507642,-0.187298944,0.413226803,0.225927859,0.020115435,0.246043294
1,2009-2013,Ante-heat,5-year,NAPL,9,UNDERSTORY ALGAE,2.400165421,0.735328795,3.135494216,1.069277609,0.1361039,1.205381509,0.066031496,0.752994984,0.819026479,1.042915116,1.861941596
1,2009-2013,Ante-heat,5-year,SCDI,10,UNDERSTORY ALGAE,0.741937345,1.580450376,2.32238772,0.485435008,-0.017736903,0.467698104,0.996548026,0.350286975,1.346835001,0.124568063,1.471403064
1,2009-2013,Ante-heat,5-year,SCTW,11,UNDERSTORY ALGAE,0.843720039,1.823508168,2.667228207,1.00024174,0.145306281,1.145548021,0.436687302,0.894842438,1.33152974,0.070799173,1.402328913
2,2014-2018,Post-heat,5-year,ABUR,1,UNDERSTORY ALGAE,1.201469674,1.852531508,3.054001182,1.131817286,0.131111281,1.262928567,0.118777554,0.593410695,0.712188249,0.337271536,1.049459785
2,2014-2018,Post-heat,5-year,AHND,2,UNDERSTORY ALGAE,-0.223143551,1.981001469,1.757857918,0.509078361,0.220564858,0.729643219,-0.508943211,0.283524673,-0.225418538,0.012922872,-0.212495666
2,2014-2018,Post-heat,5-year,AQUE,3,UNDERSTORY ALGAE,1.779180687,1.216551587,2.995732274,0.887165715,0.398474078,1.285639793,-0.371781521,0.445108497,0.073326976,0.556983292,0.630310267
2,2014-2018,Post-heat,5-year,BULL,4,UNDERSTORY ALGAE,1.709283247,1.33523919,3.044522438,1.504370622,0.283253365,1.787623987,-0.166317454,0.769155839,0.602838386,0.03394149,0.636779876
2,2014-2018,Post-heat,5-year,CARP,5,UNDERSTORY ALGAE,1.887069649,1.157452789,3.044522438,0.943306398,0.942869422,1.886175819,0.052270666,0.552164686,0.604435352,0.526930825,1.131366177
2,2014-2018,Post-heat,5-year,GOLB,6,UNDERSTORY ALGAE,1.139434283,1.645576959,2.785011242,1.234393736,0.045834623,1.280228359,0.021165523,0.733792677,0.7549582,0.153126177,0.908084378
2,2014-2018,Post-heat,5-year,IVEE,7,UNDERSTORY ALGAE,2.154664963,1.023388867,3.17805383,1.106606751,0.583051426,1.689658176,-0.210227117,0.62110612,0.410879004,0.212904268,0.623783271
2,2014-2018,Post-heat,5-year,MOHK,8,UNDERSTORY ALGAE,0.78845736,1.745239454,2.533696814,1.094047629,0.099572579,1.193620208,-0.223744871,0.261489459,0.037744588,0.011452591,0.049197179
2,2014-2018,Post-heat,5-year,NAPL,9,UNDERSTORY ALGAE,2.300081963,0.763308959,3.063390922,1.284160937,0.464069221,1.748230158,-0.001678684,0.582807344,0.58112866,0.109593088,0.690721748
2,2014-2018,Post-heat,5-year,SCDI,10,UNDERSTORY ALGAE,0.587786665,1.609437912,2.197224577,0.699787621,-0.020955529,0.678832092,0.203357444,0.113114472,0.316471917,0.010635285,0.327107202
2,2014-2018,Post-heat,5-year,SCTW,11,UNDERSTORY ALGAE,0.864997437,1.730257269,2.595254707,1.568152163,0.245495309,1.813647472,-0.182736171,0.75017837,0.567442199,0.11259551,0.680037709
1,2008-2013,Ante-heat,6-year,ABUR,1,SESSILE INVERT,0.072320662,1.844601951,1.916922612,0.573257593,0.614692204,1.187949797,-0.128080931,0.350085415,0.222004484,0.25711975,0.479124233
1,2008-2013,Ante-heat,6-year,AHND,2,SESSILE INVERT,0.072320662,1.955827586,2.028148247,0.34779282,0.594950864,0.942743684,-0.270695418,0.279139472,0.008444054,0.01492465,0.023368704
1,2008-2013,Ante-heat,6-year,AQUE,3,SESSILE INVERT,2.143003023,1.258194358,3.401197382,0.376850411,-0.174583819,0.202266591,0.603870253,0.116070429,0.719940682,0.305796214,1.025736895
1,2008-2013,Ante-heat,6-year,BULL,4,SESSILE INVERT,1.115141591,1.418555223,2.533696814,0.173622842,-0.007236062,0.16638678,0.500311401,0.021060082,0.521371483,0.069682208,0.591053691
1,2008-2013,Ante-heat,6-year,CARP,5,SESSILE INVERT,2.194442934,1.016400719,3.210843653,0.329021914,0.260992969,0.590014884,0.74970266,0.12542787,0.87513053,0.452314387,1.327444918
1,2008-2013,Ante-heat,6-year,GOLB,6,SESSILE INVERT,0.765467842,1.719438808,2.48490665,0.333011547,0.080752739,0.413764286,-0.127250619,0.035914309,-0.09133631,0.077328263,-0.014008047
1,2008-2013,Ante-heat,6-year,IVEE,7,SESSILE INVERT,1.526056303,1.168570877,2.694627181,0.17976524,0.012374516,0.192139756,0.067864402,0.073020918,0.140885319,0.627603115,0.768488434
1,2008-2013,Ante-heat,6-year,MOHK,8,SESSILE INVERT,1.429114358,1.732132354,3.161246712,0.841980391,-0.07244313,0.76953726,0.028485844,0.266501827,0.294987671,0.188621286,0.483608957
1,2008-2013,Ante-heat,6-year,NAPL,9,SESSILE INVERT,2.711377991,0.803148076,3.514526067,0.735444051,-0.059497433,0.675946619,0.49771195,0.375498768,0.873210718,0.870897259,1.744107977
1,2008-2013,Ante-heat,6-year,SCDI,10,SESSILE INVERT,1.435084525,1.637608789,3.072693315,1.397779606,0.245585759,1.643365365,0.164497139,1.339983704,1.504480843,0.041175111,1.545655955
1,2008-2013,Ante-heat,6-year,SCTW,11,SESSILE INVERT,1.373715579,1.689675343,3.063390922,0.904289213,0.073236363,0.977525576,-0.150620163,0.283401053,0.13278089,0.154850925,0.287631815
2,2014-2019,Post-heat,6-year,ABUR,1,SESSILE INVERT,0.020619287,1.798539156,1.819158443,0.5229601,0.39960646,0.92256656,-0.69662758,0.130620913,-0.566006668,0.05471275,-0.511293918
2,2014-2019,Post-heat,6-year,AHND,2,SESSILE INVERT,-0.826678573,1.742969305,0.916290732,0.099061733,0.134005199,0.233066932,-0.087174763,0.096977536,0.009802772,0.153141912,0.162944684
2,2014-2019,Post-heat,6-year,AQUE,3,SESSILE INVERT,2.107684754,1.150411784,3.258096538,0.42650332,-0.117488369,0.309014952,0.010755508,0.062303004,0.073058512,0.431752235,0.504810747
2,2014-2019,Post-heat,6-year,BULL,4,SESSILE INVERT,0.723918839,1.473305738,2.197224577,0.237475736,0.041681164,0.2791569,0.751466532,0.128364505,0.879831037,0.073243694,0.95307473
2,2014-2019,Post-heat,6-year,CARP,5,SESSILE INVERT,2.215573716,1.086417016,3.301990732,0.324404774,0.171106244,0.495511018,0.621633091,0.161154961,0.782788052,0.156356703,0.939144755
2,2014-2019,Post-heat,6-year,GOLB,6,SESSILE INVERT,0.485507816,1.711716762,2.197224577,0.321204731,0.131817482,0.453022212,-0.060215157,0.013896195,-0.046318962,0.003455529,-0.042863433
2,2014-2019,Post-heat,6-year,IVEE,7,SESSILE INVERT,1.700953021,1.00709718,2.708050201,0.067195748,-0.021396791,0.045798958,0.416749606,0.044488504,0.46123811,0.284909239,0.746147349
2,2014-2019,Post-heat,6-year,MOHK,8,SESSILE INVERT,1.276293466,1.632427431,2.908720897,0.953920027,0.065299605,1.019219631,0.049305631,0.180727508,0.230033139,0.044930817,0.274963957
2,2014-2019,Post-heat,6-year,NAPL,9,SESSILE INVERT,2.810907587,0.734871024,3.54577861,0.809527242,0.104370193,0.913897435,0.309719532,0.422416523,0.732136055,0.610298841,1.342434895
2,2014-2019,Post-heat,6-year,SCDI,10,SESSILE INVERT,1.41706602,1.673976434,3.091042453,1.050266553,0.018217202,1.068483755,-0.321687141,0.207899793,-0.113787348,0.003953116,-0.109834232
2,2014-2019,Post-heat,6-year,SCTW,11,SESSILE INVERT,1.332805676,1.742969305,3.075774981,0.865534763,0.095312808,0.960847571,-0.158032993,0.364023304,0.205990311,0.062352353,0.268342664
1,2008-2013,Ante-heat,6-year,ABUR,1,FISH,0.223143551,1.928618652,2.151762203,0.737882275,0.420888693,1.158770968,-0.609407376,0.76982728,0.160419904,0.222199313,0.382619217
1,2008-2013,Ante-heat,6-year,AHND,2,FISH,0.573800423,1.94389605,2.517696473,0.939573235,0.467699924,1.40727316,-0.212081689,0.281970407,0.069888718,0.012054249,0.081942966
1,2008-2013,Ante-heat,6-year,AQUE,3,FISH,1.875640953,1.251119583,3.126760536,0.888570701,0.570680427,1.459251128,-0.583188438,0.500629598,-0.08255884,0.457204593,0.374645753
1,2008-2013,Ante-heat,6-year,BULL,4,FISH,0.117783036,1.85629799,1.974081026,0.462974008,0.193014336,0.655988344,-0.778260293,0.243411681,-0.534848612,0.237732223,-0.297116389
1,2008-2013,Ante-heat,6-year,CARP,5,FISH,1.589235205,1.267235001,2.856470206,0.534184843,1.036921428,1.571106271,-0.491871196,0.384514881,-0.107356315,0.56406719,0.456710875
1,2008-2013,Ante-heat,6-year,GOLB,6,FISH,0.281412459,1.798029082,2.079441542,0.683216643,0.014124004,0.697340648,-0.73965615,0.40861605,-0.3310401,0.006866168,-0.324173931
1,2008-2013,Ante-heat,6-year,IVEE,7,FISH,1.208960346,1.430096984,2.63905733,0.605026812,0.111332332,0.716359145,-0.672060674,0.154533658,-0.517527016,0.201645927,-0.315881089
1,2008-2013,Ante-heat,6-year,MOHK,8,FISH,0.885831524,1.795190004,2.681021529,1.076769755,0.377391781,1.454161535,-0.287224979,0.529873498,0.242648519,0.25268285,0.49533137
1,2008-2013,Ante-heat,6-year,NAPL,9,FISH,2.351375257,0.875468737,3.226843995,1.181792975,0.808274059,1.990067034,-0.231933267,0.758935589,0.527002322,0.805459889,1.332462212
1,2008-2013,Ante-heat,6-year,SCDI,10,FISH,1.301553133,1.663719933,2.965273066,1.298844991,0.083251039,1.382096029,-0.246545716,0.663009044,0.416463328,0.085276956,0.501740284
1,2008-2013,Ante-heat,6-year,SCTW,11,FISH,1.367366351,1.68663483,3.054001182,1.238665034,0.084715624,1.323380658,-0.119181708,0.847118544,0.727936836,0.215682063,0.943618899
2,2014-2019,Post-heat,6-year,ABUR,1,FISH,0.020619287,1.798539156,1.819158443,0.630236492,0.266935841,0.897172334,-0.247095906,0.69641547,0.449319564,0.212285387,0.661604951
2,2014-2019,Post-heat,6-year,AHND,2,FISH,-0.133531393,1.952689836,1.819158443,0.506497531,0.262398802,0.768896333,-0.687885772,0.355486815,-0.332398957,0.362316247,0.02991729
2,2014-2019,Post-heat,6-year,AQUE,3,FISH,1.406913648,1.301136553,2.708050201,0.786614971,0.742200797,1.528815768,-0.659121012,0.20959083,-0.449530181,0.289497449,-0.160032732
2,2014-2019,Post-heat,6-year,BULL,4,FISH,0.446287103,1.653773726,2.100060829,0.597539604,0.23667294,0.834212544,-0.840923378,0.136156001,-0.704767377,0.098222588,-0.606544789
2,2014-2019,Post-heat,6-year,CARP,5,FISH,1.240786777,1.215948995,2.456735773,0.477772983,0.679432149,1.157205132,-0.539368667,0.308871583,-0.230497083,0.51451696,0.284019876
2,2014-2019,Post-heat,6-year,GOLB,6,FISH,-0.207639365,1.711716762,1.504077397,0.48366895,0.014299056,0.497968006,-0.415360858,0.412968761,-0.002392096,0.198305861,0.195913765
2,2014-2019,Post-heat,6-year,IVEE,7,FISH,0.940983344,1.597990527,2.538973871,0.312717432,0.321416585,0.634134018,-0.691372111,0.277899209,-0.413472902,0.552121931,0.138649029
2,2014-2019,Post-heat,6-year,MOHK,8,FISH,0.571450246,1.779925012,2.351375257,0.902233272,0.239937226,1.142170498,-0.315351528,0.658837249,0.343485721,0.120965458,0.464451179
2,2014-2019,Post-heat,6-year,NAPL,9,FISH,2.157077509,0.933964944,3.091042453,1.03745292,0.41431423,1.45176715,-0.445852144,0.459862216,0.014010072,0.346315383,0.360325455
2,2014-2019,Post-heat,6-year,SCDI,10,FISH,1.126011263,1.582038938,2.708050201,1.0442122,-0.181174119,0.863038081,-0.68930213,0.226751925,-0.462550206,0.224271099,-0.238279107
2,2014-2019,Post-heat,6-year,SCTW,11,FISH,1.191394022,1.651575497,2.842969519,1.197396269,-0.024401262,1.172995007,-0.792179003,0.089043059,-0.703135944,0.026437259,-0.676698685
1,2008-2013,Ante-heat,6-year,ABUR,1,MOBILE INVERT,-0.430782916,1.912387457,1.481604541,0.406458973,0.177397216,0.583856189,-0.579036248,0.523045553,-0.055990695,0.140317693,0.084326998
1,2008-2013,Ante-heat,6-year,AHND,2,MOBILE INVERT,0.336472237,2.043073898,2.379546134,0.403418644,0.478957637,0.882376281,-0.00482629,0.348377398,0.343551108,0.02054496,0.364096068
1,2008-2013,Ante-heat,6-year,AQUE,3,MOBILE INVERT,2.151762203,0.803148076,2.954910279,0.871779378,0.064398234,0.936177613,0.049992742,0.472104321,0.522097063,0.916080281,1.438177344
1,2008-2013,Ante-heat,6-year,BULL,4,MOBILE INVERT,0.854415328,1.342809249,2.197224577,0.834253385,0.347027805,1.18128119,-0.025461869,0.406943819,0.38148195,0.171816408,0.553298358
1,2008-2013,Ante-heat,6-year,CARP,5,MOBILE INVERT,2.277267285,0.677642994,2.954910279,0.640690597,0.07676415,0.717454747,0.527856821,0.527637012,1.055493833,1.142666819,2.198160651
1,2008-2013,Ante-heat,6-year,GOLB,6,MOBILE INVERT,0.693147181,1.686398954,2.379546134,0.928401217,0.220938891,1.149340108,-0.226050485,0.673712772,0.447662287,0.676995209,1.124657496
1,2008-2013,Ante-heat,6-year,IVEE,7,MOBILE INVERT,1.568615918,1.056052674,2.624668592,0.843608056,0.405584319,1.249192375,-0.176183964,0.368209976,0.192026012,0.452823041,0.644849053
1,2008-2013,Ante-heat,6-year,MOHK,8,MOBILE INVERT,0.843720039,1.607285059,2.451005098,0.622446372,0.207677655,0.830124027,1.183903691,0.498882279,1.68278597,0.387663579,2.070449549
1,2008-2013,Ante-heat,6-year,NAPL,9,MOBILE INVERT,2.388762789,0.606969484,2.995732274,1.011194623,0.128239999,1.139434623,0.319305347,0.631957328,0.951262675,1.149323686,2.100586362
1,2008-2013,Ante-heat,6-year,SCDI,10,MOBILE INVERT,0.753771802,1.625774332,2.379546134,0.791493282,0.010834647,0.802327929,0.158493496,0.201268722,0.359762218,0.039203582,0.3989658
1,2008-2013,Ante-heat,6-year,SCTW,11,MOBILE INVERT,0.777028665,1.620866608,2.397895273,1.041926089,0.052061403,1.093987492,0.343311465,0.247763893,0.591075359,0.319374564,0.910449923
2,2014-2019,Post-heat,6-year,ABUR,1,MOBILE INVERT,-0.575364145,1.919098892,1.343734747,0.231934937,0.424040939,0.655975877,-0.638339406,0.505577394,-0.132762012,0.352685235,0.219923223
2,2014-2019,Post-heat,6-year,AHND,2,MOBILE INVERT,-0.503905181,2.044350222,1.540445041,0.407948113,0.229469146,0.637417259,-0.722216211,0.448984858,-0.273231353,0.528409278,0.255177925
2,2014-2019,Post-heat,6-year,AQUE,3,MOBILE INVERT,1.788281205,1.025129512,2.813410717,0.915580268,0.254288665,1.169868933,-0.063486233,0.584306933,0.5208207,0.219911935,0.740732635
2,2014-2019,Post-heat,6-year,BULL,4,MOBILE INVERT,0.639658496,1.557566082,2.197224577,0.676575637,0.170454908,0.847030545,-0.358485863,0.390204032,0.031718169,0.056956812,0.088674981
2,2014-2019,Post-heat,6-year,CARP,5,MOBILE INVERT,2.190255908,0.642957436,2.833213344,0.743897912,0.226186611,0.970084522,0.072795768,0.572578175,0.645373943,0.368717881,1.014091824
2,2014-2019,Post-heat,6-year,GOLB,6,MOBILE INVERT,0.020619287,1.771140182,1.791759469,0.395312054,0.313487819,0.708799874,-0.435523758,0.518543922,0.083020164,0.06349456,0.146514724
2,2014-2019,Post-heat,6-year,IVEE,7,MOBILE INVERT,1.526961691,0.943958717,2.470920408,0.655940851,0.501563199,1.157504049,-0.190864778,0.396788493,0.205923714,0.955433034,1.161356748
2,2014-2019,Post-heat,6-year,MOHK,8,MOBILE INVERT,0.639658496,1.611633303,2.251291799,0.782406997,0.117639775,0.900046773,-0.154024269,0.384502614,0.230478345,0.120055501,0.350533846
2,2014-2019,Post-heat,6-year,NAPL,9,MOBILE INVERT,2.185583002,0.667048428,2.85263143,0.990680416,0.003732545,0.994412961,-0.112752039,0.550129997,0.437377958,0.309146807,0.746524765
2,2014-2019,Post-heat,6-year,SCDI,10,MOBILE INVERT,0.733969175,1.601405741,2.335374916,0.861680911,-0.007610374,0.854070537,-0.183325031,0.477549225,0.294224194,0.266405743,0.560629937
2,2014-2019,Post-heat,6-year,SCTW,11,MOBILE INVERT,0.83832919,1.646577459,2.48490665,0.863727862,0.072661545,0.936389408,-0.04073634,0.51349652,0.47276018,0.067292005,0.540052186
1,2008-2013,Ante-heat,6-year,ABUR,1,UNDERSTORY ALGAE,1.115141591,1.775230167,2.890371758,0.890830737,0.318484879,1.209315616,0.139760049,0.644774835,0.784534883,0.087645484,0.872180368
1,2008-2013,Ante-heat,6-year,AHND,2,UNDERSTORY ALGAE,0.693147181,1.960094784,2.653241965,0.841347539,0.778858064,1.620205603,-0.087217675,0.438707689,0.351490014,0.03713388,0.388623894
1,2008-2013,Ante-heat,6-year,AQUE,3,UNDERSTORY ALGAE,1.898369204,1.165021718,3.063390922,0.8289487,0.237580744,1.066529444,-0.190574985,0.694154805,0.50357982,0.28360738,0.7871872
1,2008-2013,Ante-heat,6-year,BULL,4,UNDERSTORY ALGAE,1.563393974,1.391516305,2.954910279,0.884788146,0.141512674,1.02630082,0.501353524,0.555749329,1.057102854,1.304115686,2.36121854
1,2008-2013,Ante-heat,6-year,CARP,5,UNDERSTORY ALGAE,1.913239367,1.305636458,3.218875825,0.883953228,1.16313716,2.047090388,0.002866228,0.487794387,0.490660616,0.574455,1.065115616
1,2008-2013,Ante-heat,6-year,GOLB,6,UNDERSTORY ALGAE,1.011600912,1.683026269,2.694627181,1.392037329,0.125093705,1.517131034,-0.074956122,0.66667002,0.591713899,0.170382657,0.762096555
1,2008-2013,Ante-heat,6-year,IVEE,7,UNDERSTORY ALGAE,1.498506352,1.346403032,2.844909384,0.843789938,0.10233286,0.946122799,-0.404312595,0.340225146,-0.064087449,0.721427065,0.657339616
1,2008-2013,Ante-heat,6-year,MOHK,8,UNDERSTORY ALGAE,0.628608659,1.713197147,2.341805806,0.955745083,0.257762559,1.213507642,-0.187298944,0.413226803,0.225927859,0.020115435,0.246043294
1,2008-2013,Ante-heat,6-year,NAPL,9,UNDERSTORY ALGAE,2.400165421,0.735328795,3.135494216,1.069277609,0.1361039,1.205381509,0.066031496,0.752994984,0.819026479,1.042915116,1.861941596
1,2008-2013,Ante-heat,6-year,SCDI,10,UNDERSTORY ALGAE,0.741937345,1.580450376,2.32238772,0.485435008,-0.017736903,0.467698104,0.996548026,0.350286975,1.346835001,0.124568063,1.471403064
1,2008-2013,Ante-heat,6-year,SCTW,11,UNDERSTORY ALGAE,0.843720039,1.823508168,2.667228207,1.00024174,0.145306281,1.145548021,0.436687302,0.894842438,1.33152974,0.070799173,1.402328913
2,2014-2019,Post-heat,6-year,ABUR,1,UNDERSTORY ALGAE,1.146078826,1.85795225,3.004031076,1.072282899,0.100210444,1.172493343,0.129939589,0.586296083,0.716235671,0.302357836,1.018593507
2,2014-2019,Post-heat,6-year,AHND,2,UNDERSTORY ALGAE,-0.405465108,1.981001469,1.575536361,0.509078361,0.220564858,0.729643219,-0.619442749,0.260118573,-0.359324176,0.012232632,-0.347091544
2,2014-2019,Post-heat,6-year,AQUE,3,UNDERSTORY ALGAE,1.805552791,1.198478285,3.004031076,0.906464822,0.39360937,1.300074192,-0.349009416,0.46514729,0.116137873,0.618221069,0.734358942
2,2014-2019,Post-heat,6-year,BULL,4,UNDERSTORY ALGAE,1.745570087,1.367945222,3.113515309,1.564688291,0.283744103,1.848432394,-0.120554019,0.828839892,0.708285872,0.035932807,0.744218679
2,2014-2019,Post-heat,6-year,CARP,5,UNDERSTORY ALGAE,1.858898772,1.128465252,2.987364024,0.912698232,0.914167287,1.826865519,-0.01585875,0.554438367,0.538579617,0.702735269,1.241314886
2,2014-2019,Post-heat,6-year,GOLB,6,UNDERSTORY ALGAE,1.146078826,1.636872683,2.782951509,1.302620255,0.052521261,1.355141517,0.002777576,0.751711873,0.75448945,0.135938238,0.890427688
2,2014-2019,Post-heat,6-year,IVEE,7,UNDERSTORY ALGAE,2.178532444,1.013314708,3.191847152,1.118724933,0.615695732,1.734420665,-0.240059888,0.720127262,0.480067373,0.269176009,0.749243382
2,2014-2019,Post-heat,6-year,MOHK,8,UNDERSTORY ALGAE,0.792238083,1.746735788,2.538973871,1.04794063,0.08691388,1.13485451,-0.268541644,0.396969819,0.128428175,0.012174226,0.140602401
2,2014-2019,Post-heat,6-year,NAPL,9,UNDERSTORY ALGAE,2.302585093,0.765467842,3.068052935,1.296725586,0.429128867,1.725854453,-0.071938612,0.624860012,0.5529214,0.188931451,0.741852851
2,2014-2019,Post-heat,6-year,SCDI,10,UNDERSTORY ALGAE,0.594707108,1.620866608,2.215573716,0.768153911,0.016625724,0.784779636,0.043002511,0.174942991,0.217945503,0.013591212,0.231536714
2,2014-2019,Post-heat,6-year,SCTW,11,UNDERSTORY ALGAE,0.820146871,1.718827,2.538973871,1.44622049,0.262328831,1.708549321,-0.255312259,0.691963726,0.436651467,0.085446038,0.522097506
1,2007-2013,Ante-heat,7-year,ABUR,1,SESSILE INVERT,0.117783036,1.764948212,1.882731247,0.614553834,0.4508582,1.065412034,-0.27047639,0.513445863,0.242969474,0.259555885,0.502525359
1,2007-2013,Ante-heat,7-year,AHND,2,SESSILE INVERT,0.179340929,1.969093485,2.148434413,0.356426913,0.623184896,0.979611808,-0.277847898,0.379247371,0.101399473,0.01475352,0.116152993
1,2007-2013,Ante-heat,7-year,AQUE,3,SESSILE INVERT,2.207096326,1.222271933,3.429368259,0.407836398,-0.137499472,0.270336926,0.590584595,0.195827271,0.786411866,0.450093443,1.236505309
1,2007-2013,Ante-heat,7-year,BULL,4,SESSILE INVERT,1.133703608,1.44217482,2.575878428,0.170193372,-0.01182804,0.158365332,0.663940134,0.025416708,0.689356842,0.13480586,0.824162702
1,2007-2013,Ante-heat,7-year,CARP,5,SESSILE INVERT,2.220755075,1.031831807,3.252586882,0.316707057,0.239255703,0.55596276,0.563752895,0.093344553,0.657097449,0.27471681,0.931814258
1,2007-2013,Ante-heat,7-year,GOLB,6,SESSILE INVERT,0.834460714,1.685537256,2.51999797,0.308576158,0.071712287,0.380288445,-0.063173137,0.056060373,-0.007112764,0.080621494,0.07350873
1,2007-2013,Ante-heat,7-year,IVEE,7,SESSILE INVERT,1.412727618,1.304801327,2.717528945,0.156878484,-0.018778809,0.138099676,0.078621406,0.058792658,0.137414064,0.850395471,0.987809535
1,2007-2013,Ante-heat,7-year,MOHK,8,SESSILE INVERT,1.455287233,1.716796431,3.172083663,0.777982837,-0.076056403,0.701926434,-0.458402492,0.124482354,-0.333920138,0.289718145,-0.044201993
1,2007-2013,Ante-heat,7-year,NAPL,9,SESSILE INVERT,2.748872196,0.747635366,3.496507561,0.723103461,-0.080530504,0.642572957,0.314589308,0.265981477,0.580570785,0.332648183,0.913218968
1,2007-2013,Ante-heat,7-year,SCDI,10,SESSILE INVERT,1.446918983,1.631051389,3.077970372,1.430067689,0.263026491,1.69309418,0.035063434,1.225760038,1.260823471,0.023650574,1.284474045
1,2007-2013,Ante-heat,7-year,SCTW,11,SESSILE INVERT,1.377325691,1.733009965,3.110335656,0.981829537,0.145532217,1.127361754,-0.273694772,0.346689111,0.072994339,0.132462636,0.205456976
2,2014-2020,Post-heat,7-year,ABUR,1,SESSILE INVERT,-0.036367644,1.804029562,1.767661918,0.509408496,0.423477597,0.932886092,-0.745951852,0.135412189,-0.610539663,0.053420589,-0.557119074
2,2014-2020,Post-heat,7-year,AHND,2,SESSILE INVERT,-0.889857475,1.716536048,0.826678573,0.084294949,0.111962694,0.196257644,-0.176317989,0.088700501,-0.087617488,0.152763619,0.065146132
2,2014-2020,Post-heat,7-year,AQUE,3,SESSILE INVERT,2.118833943,1.17169787,3.290531814,0.441461262,-0.131820358,0.309640903,0.069229423,0.092238236,0.161467659,0.455499133,0.616966792
2,2014-2020,Post-heat,7-year,BULL,4,SESSILE INVERT,0.710846758,1.454116957,2.164963715,0.235340791,0.03316169,0.26850248,0.802933029,0.137933222,0.940866251,0.092171735,1.033037986
2,2014-2020,Post-heat,7-year,CARP,5,SESSILE INVERT,2.216871575,1.073660239,3.290531814,0.320469589,0.169295856,0.489765445,0.689864393,0.154289513,0.844153906,0.168990958,1.013144864
2,2014-2020,Post-heat,7-year,GOLB,6,SESSILE INVERT,0.485507816,1.711716762,2.197224577,0.308967906,0.110214502,0.419182408,0.078829571,0.014468853,0.093298424,0.004466719,0.097765143
2,2014-2020,Post-heat,7-year,IVEE,7,SESSILE INVERT,1.688381115,1.010099635,2.69848075,0.060696458,-0.019000967,0.04169549,0.476519389,0.04441686,0.520936248,0.289278087,0.810214335
2,2014-2020,Post-heat,7-year,MOHK,8,SESSILE INVERT,1.282916007,1.638708295,2.921624301,0.910841156,0.070315104,0.98115626,-0.044380664,0.150037437,0.105656772,0.018390682,0.124047455
2,2014-2020,Post-heat,7-year,NAPL,9,SESSILE INVERT,2.825833237,0.74168536,3.567518597,0.823425856,0.142785591,0.966211446,0.238963041,0.461729837,0.700692878,0.684483544,1.385176421
2,2014-2020,Post-heat,7-year,SCDI,10,SESSILE INVERT,1.359143372,1.671680221,3.030823593,1.05619607,0.02569043,1.081886499,-0.325339138,0.229653692,-0.095685445,0.003903637,-0.091781808
2,2014-2020,Post-heat,7-year,SCTW,11,SESSILE INVERT,1.282916007,1.747907587,3.030823593,0.854027589,0.093898947,0.947926536,-0.122541618,0.375269634,0.252728016,0.070992466,0.323720481
1,2007-2013,Ante-heat,7-year,ABUR,1,FISH,0.26510775,1.899855965,2.164963715,0.73545274,0.384184425,1.119637164,-0.712228627,0.258293843,-0.453934783,0.018413596,-0.435521187
1,2007-2013,Ante-heat,7-year,AHND,2,FISH,0.599621123,1.931805543,2.531426665,0.775428478,0.365760761,1.141189239,-0.795952801,0.174149921,-0.62180288,0.01006518,-0.6117377
1,2007-2013,Ante-heat,7-year,AQUE,3,FISH,1.871802177,1.238533479,3.110335656,0.909042136,0.277825697,1.186867832,-0.870844914,0.169139487,-0.701705427,0.272830727,-0.4288747
1,2007-2013,Ante-heat,7-year,BULL,4,FISH,0.237328186,1.842113355,2.079441542,0.557869854,0.254361269,0.812231124,-0.914501444,0.439193626,-0.475307819,0.4711559,-0.004151919
1,2007-2013,Ante-heat,7-year,CARP,5,FISH,1.595049175,1.254831222,2.849880397,0.543343449,0.911580769,1.454924218,-0.602964901,0.515167555,-0.087797346,0.604604248,0.516806902
1,2007-2013,Ante-heat,7-year,GOLB,6,FISH,0.292136423,1.822396439,2.114532861,0.766892545,0.096655837,0.863548381,-0.849484735,0.479157376,-0.370327359,0.008602944,-0.361724415
1,2007-2013,Ante-heat,7-year,IVEE,7,FISH,0.991928146,1.504812961,2.496741107,0.598100252,0.289103228,0.88720348,-0.848529009,0.147459898,-0.701069111,0.179050007,-0.522019104
1,2007-2013,Ante-heat,7-year,MOHK,8,FISH,0.857450232,1.811760136,2.669210368,1.085950074,0.435385006,1.52133508,-0.384668339,0.590155617,0.205487278,0.215595059,0.421082336
1,2007-2013,Ante-heat,7-year,NAPL,9,FISH,2.342835496,0.870309655,3.21314515,1.146559975,0.770232314,1.916792289,-0.406720127,0.859804213,0.453084087,1.001033399,1.454117486
1,2007-2013,Ante-heat,7-year,SCDI,10,FISH,1.237338498,1.668781617,2.906120115,1.258782809,0.151347259,1.410130068,-0.322904991,0.653066306,0.330161315,0.068745405,0.39890672
1,2007-2013,Ante-heat,7-year,SCTW,11,FISH,1.32175584,1.673976434,2.995732274,1.156393091,0.009596082,1.165989174,-0.058213429,0.716766722,0.658553292,0.326600361,0.985153653
2,2014-2020,Post-heat,7-year,ABUR,1,FISH,-0.036367644,1.828127113,1.791759469,0.579958419,0.308683897,0.888642315,-0.33403124,0.802537809,0.468506569,0.24885709,0.717363659
2,2014-2020,Post-heat,7-year,AHND,2,FISH,-0.15415068,1.945910149,1.791759469,0.440819967,0.268429456,0.709249423,-0.77547911,0.548767487,-0.226711623,0.386714187,0.160002563
2,2014-2020,Post-heat,7-year,AQUE,3,FISH,1.434233823,1.320336393,2.754570217,0.722992379,0.640576136,1.363568514,-0.830010553,0.155851176,-0.674159377,0.326870744,-0.347288633
2,2014-2020,Post-heat,7-year,BULL,4,FISH,0.405465108,1.673976434,2.079441542,0.507184504,0.212841661,0.720026165,-0.916891086,0.177838252,-0.739052834,0.263488267,-0.475564567
2,2014-2020,Post-heat,7-year,CARP,5,FISH,1.292768303,1.227229666,2.51999797,0.512094676,0.714287057,1.226381733,-0.602974844,0.341867839,-0.261107004,0.56872012,0.307613115
2,2014-2020,Post-heat,7-year,GOLB,6,FISH,-0.264151575,1.719438808,1.455287233,0.430492129,0.020929558,0.451421687,-0.388487944,0.472605753,0.08411781,0.198599968,0.282717778
2,2014-2020,Post-heat,7-year,IVEE,7,FISH,0.951382052,1.60251747,2.553899521,0.323229539,0.371693391,0.69492293,-0.714943572,0.297312144,-0.417631428,0.57427582,0.156644392
2,2014-2020,Post-heat,7-year,MOHK,8,FISH,0.609377297,1.775445894,2.384823191,0.957905161,0.242181473,1.200086634,-0.310355785,0.753134905,0.442779119,0.13524746,0.578026579
2,2014-2020,Post-heat,7-year,NAPL,9,FISH,2.154664963,0.93637749,3.091042453,1.029142755,0.392772443,1.421915198,-0.430259387,0.422263744,-0.007995642,0.455850425,0.447854783
2,2014-2020,Post-heat,7-year,SCDI,10,FISH,1.098612289,1.590206551,2.688818839,1.095009569,-0.152726219,0.94228335,-0.742986056,0.225982691,-0.517003365,0.212686009,-0.304317355
2,2014-2020,Post-heat,7-year,SCTW,11,FISH,1.195004134,1.646577459,2.841581594,1.251905404,-0.013281237,1.238624167,-0.837711757,0.09491374,-0.742798017,0.03181074,-0.710987277
1,2007-2013,Ante-heat,7-year,ABUR,1,MOBILE INVERT,-0.414433778,1.902510834,1.488077055,0.424945116,0.186940529,0.611885645,-0.631418839,0.493189511,-0.138229328,0.247755969,0.109526641
1,2007-2013,Ante-heat,7-year,AHND,2,MOBILE INVERT,0.381367557,2.029431121,2.410798678,0.456310968,0.477464123,0.93377509,-0.046221241,0.42149832,0.375277079,0.016953654,0.392230733
1,2007-2013,Ante-heat,7-year,AQUE,3,MOBILE INVERT,2.103698519,0.825588655,2.929287174,0.980693141,0.149946279,1.13063942,-0.138894346,0.47990858,0.341014233,0.470151505,0.811165738
1,2007-2013,Ante-heat,7-year,BULL,4,MOBILE INVERT,0.879923088,1.348554033,2.228477121,0.927626025,0.29387733,1.221503355,-0.0323553,0.457987139,0.425631839,0.22967564,0.655307479
1,2007-2013,Ante-heat,7-year,CARP,5,MOBILE INVERT,2.299007272,0.652922379,2.951929651,0.669829658,0.140638276,0.810467934,0.336096519,0.63422624,0.970322759,0.781222105,1.751544864
1,2007-2013,Ante-heat,7-year,GOLB,6,MOBILE INVERT,0.638087403,1.692668567,2.33075597,0.937085144,0.189868693,1.126953837,-0.151468632,0.712331803,0.560863171,0.661247668,1.222110839
1,2007-2013,Ante-heat,7-year,IVEE,7,MOBILE INVERT,1.363720039,1.144717108,2.508437147,0.833067311,0.288283026,1.121350337,-0.37134177,0.314332698,-0.057009072,0.306229684,0.249220612
1,2007-2013,Ante-heat,7-year,MOHK,8,MOBILE INVERT,0.894629235,1.590277415,2.48490665,0.676245505,0.185336147,0.861581652,0.915794916,0.47198029,1.387775206,0.169961874,1.55773708
1,2007-2013,Ante-heat,7-year,NAPL,9,MOBILE INVERT,2.391380592,0.589962944,2.981343536,1.076139623,0.131481455,1.207621078,0.21870537,0.587651061,0.806356431,1.147755053,1.954111484
1,2007-2013,Ante-heat,7-year,SCDI,10,MOBILE INVERT,0.753771802,1.631051389,2.384823191,0.825975215,0.083421986,0.909397202,0.090172155,0.199772578,0.289944733,0.035379057,0.32532379
1,2007-2013,Ante-heat,7-year,SCTW,11,MOBILE INVERT,0.762140052,1.596014892,2.358154944,0.933945959,0.100069245,1.034015203,0.321115474,0.299694564,0.620810037,0.268167027,0.888977065
2,2014-2020,Post-heat,7-year,ABUR,1,MOBILE INVERT,-0.624154309,1.936340698,1.312186389,0.227123829,0.343470204,0.570594033,-0.746455276,0.552195341,-0.194259935,0.541363598,0.347103663
2,2014-2020,Post-heat,7-year,AHND,2,MOBILE INVERT,-0.658055861,2.044350222,1.386294361,0.407948113,0.229469146,0.637417259,-0.805630631,0.421447441,-0.38418319,0.450766187,0.066582997
2,2014-2020,Post-heat,7-year,AQUE,3,MOBILE INVERT,1.785789302,1.02189074,2.807680042,0.931349891,0.259070567,1.190420458,-0.06180541,0.632545186,0.570739776,0.27070336,0.841443136
2,2014-2020,Post-heat,7-year,BULL,4,MOBILE INVERT,0.628608659,1.552615577,2.181224236,0.653740102,0.216681287,0.870421389,-0.398633887,0.411541227,0.012907339,0.054308155,0.067215495
2,2014-2020,Post-heat,7-year,CARP,5,MOBILE INVERT,2.179206072,0.687068134,2.866274206,0.799973059,0.221250988,1.021224047,0.015119876,0.53081426,0.545934136,0.305161527,0.851095663
2,2014-2020,Post-heat,7-year,GOLB,6,MOBILE INVERT,-0.036367644,1.754019141,1.717651497,0.411899764,0.306355637,0.718255401,-0.514369442,0.495248784,-0.019120658,0.055229212,0.036108555
2,2014-2020,Post-heat,7-year,IVEE,7,MOBILE INVERT,1.519825754,0.928713252,2.448539006,0.664078598,0.51968543,1.183764028,-0.21720037,0.427814486,0.210614116,0.86606598,1.076680096
2,2014-2020,Post-heat,7-year,MOHK,8,MOBILE INVERT,0.665996191,1.607601365,2.273597556,0.833932118,0.109227371,0.943159489,-0.108695584,0.422017834,0.31332225,0.155894786,0.469217035
2,2014-2020,Post-heat,7-year,NAPL,9,MOBILE INVERT,2.197224577,0.660886318,2.858110896,1.001215823,0.040361122,1.041576946,-0.147326844,0.555674936,0.408348092,0.415892319,0.824240411
2,2014-2020,Post-heat,7-year,SCDI,10,MOBILE INVERT,0.778669354,1.606153837,2.384823191,0.87783979,0.008226906,0.886066696,-0.162982622,0.557036334,0.394053711,0.265997115,0.660050826
2,2014-2020,Post-heat,7-year,SCTW,11,MOBILE INVERT,0.834460714,1.650445936,2.48490665,0.821684453,0.067374753,0.889059207,-0.088721438,0.618675209,0.529953771,0.114414239,0.64436801
1,2007-2013,Ante-heat,7-year,ABUR,1,UNDERSTORY ALGAE,1.127939904,1.785962352,2.913902255,0.914336305,0.332837577,1.247173882,0.207266103,0.778275453,0.985541556,0.094192014,1.07973357
1,2007-2013,Ante-heat,7-year,AHND,2,UNDERSTORY ALGAE,0.579818495,1.974081026,2.553899521,0.736478923,0.523739625,1.260218548,-0.207260793,0.500014082,0.292753289,0.026213132,0.31896642
1,2007-2013,Ante-heat,7-year,AQUE,3,UNDERSTORY ALGAE,1.815289967,1.173273817,2.988563784,0.775428848,0.254316173,1.029745021,-0.325209212,0.684409225,0.359200013,0.384628336,0.743828349
1,2007-2013,Ante-heat,7-year,BULL,4,UNDERSTORY ALGAE,1.53532994,1.386294361,2.921624301,0.836224435,0.114581285,0.95080572,0.495291554,0.696295642,1.191587196,1.351199688,2.542786885
1,2007-2013,Ante-heat,7-year,CARP,5,UNDERSTORY ALGAE,2.024381764,1.177202563,3.201584328,0.902456144,1.079721337,1.982177481,-0.15935802,0.507171932,0.347813911,0.669070674,1.016884585
1,2007-2013,Ante-heat,7-year,GOLB,6,UNDERSTORY ALGAE,1.011600912,1.647659125,2.659260037,1.279970434,0.108008262,1.387978696,-0.172673759,0.823725265,0.651051506,0.143556419,0.794607925
1,2007-2013,Ante-heat,7-year,IVEE,7,UNDERSTORY ALGAE,1.307367103,1.400683099,2.708050201,0.77855416,0.005149986,0.783704146,-0.403961044,0.326571628,-0.077389416,0.791079582,0.713690167
1,2007-2013,Ante-heat,7-year,MOHK,8,UNDERSTORY ALGAE,0.684178511,1.700644681,2.384823191,0.842864598,0.15365863,0.996523228,-0.170997331,0.438640681,0.26764335,0.036540722,0.304184072
1,2007-2013,Ante-heat,7-year,NAPL,9,UNDERSTORY ALGAE,2.349673129,0.747841839,3.097514968,0.859983802,0.034408021,0.894391823,0.02017404,0.740941587,0.761115627,0.688017063,1.44913269
1,2007-2013,Ante-heat,7-year,SCDI,10,UNDERSTORY ALGAE,0.745332934,1.585423036,2.33075597,0.543789687,-0.010244003,0.533545683,0.799785676,0.347446081,1.147231757,0.090662699,1.237894456
1,2007-2013,Ante-heat,7-year,SCTW,11,UNDERSTORY ALGAE,0.857450232,1.801809805,2.659260037,1.008461469,0.216385279,1.224846748,0.144184226,1.178743897,1.322928123,0.184992578,1.507920701
2,2014-2020,Post-heat,7-year,ABUR,1,UNDERSTORY ALGAE,1.173145341,1.843789141,3.016934481,1.172374026,0.107690628,1.280064654,0.002142315,0.611667635,0.61380995,0.252896847,0.866706798
2,2014-2020,Post-heat,7-year,AHND,2,UNDERSTORY ALGAE,-0.528844129,1.984131362,1.455287233,0.418486163,0.116521563,0.535007726,-0.710659175,0.257420187,-0.453238988,0.01170924,-0.441529748
2,2014-2020,Post-heat,7-year,AQUE,3,UNDERSTORY ALGAE,1.739839412,1.204599567,2.944438979,0.877129083,0.374209962,1.251339044,-0.431056454,0.482119572,0.051063118,0.696034404,0.747097522
2,2014-2020,Post-heat,7-year,BULL,4,UNDERSTORY ALGAE,1.79473124,1.353108812,3.147840052,1.569877371,0.270737677,1.840615048,-0.076688425,0.82488606,0.748197634,0.032303485,0.780501119
2,2014-2020,Post-heat,7-year,CARP,5,UNDERSTORY ALGAE,1.938227653,1.078706828,3.016934481,0.965504639,0.826719537,1.792224176,-0.045382695,0.644500959,0.599118264,0.678801659,1.277919923
2,2014-2020,Post-heat,7-year,GOLB,6,UNDERSTORY ALGAE,1.127939904,1.662348396,2.790288299,1.346341523,0.052665949,1.399007472,-0.086734048,0.787839819,0.701105772,0.193327952,0.894433723
2,2014-2020,Post-heat,7-year,IVEE,7,UNDERSTORY ALGAE,2.127381004,1.020459048,3.147840052,1.065411086,0.651187893,1.716598979,-0.291035759,0.805799994,0.514764235,0.279520148,0.794284382
2,2014-2020,Post-heat,7-year,MOHK,8,UNDERSTORY ALGAE,0.684178511,1.764360495,2.448539006,0.901971231,0.173253651,1.075224883,-0.351154323,0.391488392,0.040334069,0.014874928,0.055208997
2,2014-2020,Post-heat,7-year,NAPL,9,UNDERSTORY ALGAE,2.315007613,0.77603484,3.091042453,1.1857746,0.29753238,1.48330698,-0.17851903,0.745101996,0.566582967,0.276599729,0.843182695
2,2014-2020,Post-heat,7-year,SCDI,10,UNDERSTORY ALGAE,0.559615788,1.637608789,2.197224577,0.795479132,0.054376544,0.849855676,-0.084301177,0.175845553,0.091544376,0.022854151,0.114398527
2,2014-2020,Post-heat,7-year,SCTW,11,UNDERSTORY ALGAE,0.753771802,1.719158656,2.472930459,1.252012915,0.194630222,1.446643137,-0.333645045,0.686476763,0.352831718,0.072082675,0.424914392
